popularity,carCommentVolum,newsReplyVolum,all_body_Month_carVolum,all_body_Month_newVolum,body_Month_carVolum,body_Month_newVolum,base_all_body_car,base_all_body_New,base_body_car,base_body_new,all_body_except,body_except,all_province_month,province_month,all_province_popularity,province_popularity,all_province_all_body_attention,all_province_body_attention,province_all_body_attention,province_body_attention,all_bodyType_all_province_Month_label,all_bodyType_province_Month_label,bodyType_all_province_Month_label,bodyType_province_Month_label,month_model_weight,province_model_weight,bodyType_model_weight,province_bodyType_model_weight,regDate,province
257.52219863890366,93.96421407149131,406.5795217317158,5637.852844289479,24394.771303902944,2284.561223058353,9283.909839372827,0.004166666666666668,0.004166666666666664,0.01666666666666667,0.01666666666666667,0.004166666666666667,0.01666666666666667,649758.3606666999,15451.33191833422,9.931268918417159e-05,0.004166666666666666,0.0017254247260761152,0.006725396482615659,0.004166666666666667,0.009166666666666667,178863.627752079,4400.044678263275,69332.0691821597,1649.236693268435,0.00010246746739235508,0.004166666666666667,0.0005844536928998171,0.016666666666666663,2018-01-01,上海
326.686860366646,109.17136653751533,543.1005690321406,6550.281992250921,32586.03414192844,2646.1584836893917,13446.582598810532,0.0041666666666666675,0.0041666666666666675,0.01666666666666667,0.01666666666666667,0.004166666666666666,0.01666666666666667,835047.0134905513,19601.21162199876,9.833838271538238e-05,0.0041666666666666675,0.0017251838069828362,0.0067251676925749355,0.004166666666666668,0.009166666666666667,103220.80474135127,2711.722195525189,38844.19228042907,1004.4726590161746,0.00010961523005897613,0.004166666666666666,0.0005502108068768381,0.01666666666666667,2018-02-01,上海
173.44209036277203,92.69594743194405,290.42890220496304,5561.756845916644,17425.73413229778,2196.7190555327215,7071.774392495072,0.002604166666666667,0.002604166666666666,0.010416666666666668,0.010416666666666668,0.002604166666666667,0.01041666666666667,447029.910333739,10406.525421766324,6.098669486736871e-05,0.0026041666666666674,0.001077829879715677,0.004202815683828107,0.002604166666666668,0.005729166666666669,99398.77721227985,2991.065558755769,38827.695782456016,1144.5182161196888,7.846172368189523e-05,0.002604166666666666,0.00036971774463181713,0.010416666666666664,2018-03-01,上海
122.01568573514103,48.422590041293724,207.1269743787608,2905.355402477624,12427.618462725648,1184.0845628324307,4796.809729368282,0.001822916666666667,0.0018229166666666663,0.007291666666666668,0.007291666666666665,0.0018229166666666663,0.007291666666666665,283865.8230655933,7320.941144108462,4.7300124463411695e-05,0.001822916666666667,0.0007577398326202241,0.002945246034811637,0.001822916666666667,0.004010416666666668,67163.8996654629,2000.9339713163984,26620.910842853053,775.9618886593606,5.439722545504282e-05,0.0018229166666666663,0.0002528771756916681,0.007291666666666668,2018-04-01,上海
356.3470777897343,93.96421407149131,406.5795217317158,5637.852844289479,24394.771303902944,2284.561223058353,9283.909839372827,0.004166666666666669,0.004166666666666666,0.016666666666666666,0.01666666666666667,0.004166666666666666,0.01666666666666667,649758.3606666999,21380.82466738406,0.0001368653122788702,0.0041666666666666675,0.0017417014586358587,0.006741231642941083,0.004166666666666666,0.009166666666666667,178863.627752079,3308.21612601736,69332.0691821597,1243.972546654917,7.712507792122895e-05,0.004166666666666666,0.0003751586539374758,0.016666666666666663,2018-01-01,北京
461.00468188357854,109.17136653751533,543.1005690321406,6550.281992250921,32586.03414192844,2646.1584836893917,13446.582598810532,0.0041666666666666675,0.0041666666666666675,0.01666666666666667,0.01666666666666667,0.004166666666666666,0.01666666666666667,835047.0134905513,27660.28091301471,0.00013858260928594954,0.0041666666666666675,0.0017466538209144208,0.00674644598592262,0.004166666666666667,0.00916666666666667,103220.80474135127,1985.277037018057,38844.19228042907,726.774047339974,7.999575206131006e-05,0.004166666666666667,0.00037793639103696344,0.016666666666666663,2018-02-01,北京
158.33175102455232,92.69594743194405,290.42890220496304,5561.756845916644,17425.73413229778,2196.7190555327215,7071.774392495072,0.002604166666666667,0.002604166666666666,0.010416666666666668,0.010416666666666668,0.002604166666666666,0.01041666666666667,447029.910333739,9499.905061473139,5.565349843862157e-05,0.002604166666666667,0.001061617375567145,0.00418574263666267,0.0026041666666666665,0.005729166666666666,99398.77721227985,2109.7413392134454,38827.695782456016,790.1979667640776,5.519763444640093e-05,0.002604166666666666,0.00025724116383516284,0.010416666666666664,2018-03-01,北京
101.99180725174796,48.422590041293724,207.1269743787608,2905.355402477624,12427.618462725648,1184.0845628324307,4796.809729368282,0.0018229166666666671,0.0018229166666666665,0.007291666666666668,0.007291666666666668,0.0018229166666666663,0.007291666666666668,283865.8230655933,6119.508435104877,3.950681592983296e-05,0.0018229166666666663,0.0007436395027766664,0.002930538218967612,0.0018229166666666663,0.004010416666666667,67163.8996654629,1220.5339259920975,26620.910842853053,462.10036089047355,3.3067955834013054e-05,0.0018229166666666667,0.0001572982263605504,0.0072916666666666685,2018-04-01,北京
177.6333332187869,93.96421407149131,406.5795217317158,5637.852844289479,24394.771303902944,2284.561223058353,9283.909839372827,0.004166666666666669,0.004166666666666665,0.01666666666666667,0.01666666666666667,0.004166666666666666,0.016666666666666666,649758.3606666999,10657.999993127214,6.842105601483176e-05,0.0041666666666666675,0.0017073296066360349,0.006707320601867767,0.004166666666666667,0.009166666666666667,178863.627752079,3689.499874658288,69332.0691821597,1499.919091415341,8.596042860819074e-05,0.004166666666666667,0.00030350843149746327,0.016666666666666663,2018-01-01,内蒙古
186.31507817065523,109.17136653751533,543.1005690321406,6550.281992250921,32586.03414192844,2646.1584836893917,13446.582598810532,0.0041666666666666675,0.0041666666666666675,0.01666666666666667,0.01666666666666667,0.004166666666666667,0.016666666666666666,835047.0134905513,11178.904690239313,5.62504611136339e-05,0.0041666666666666675,0.0016984263770756308,0.00669837941529597,0.004166666666666666,0.009166666666666667,103220.80474135127,2077.901791007631,38844.19228042907,821.0098647439929,8.384660177589644e-05,0.004166666666666666,0.0002968998667575315,0.01666666666666667,2018-02-01,内蒙古
101.07410696032609,92.69594743194405,290.42890220496304,5561.756845916644,17425.73413229778,2196.7190555327215,7071.774392495072,0.0026041666666666674,0.002604166666666666,0.010416666666666668,0.010416666666666668,0.002604166666666667,0.010416666666666668,447029.910333739,6064.446417619566,3.5670908916673766e-05,0.002604166666666667,0.0010619496819339743,0.004186923362967042,0.002604166666666666,0.005729166666666671,99398.77721227985,2132.292858251216,38827.695782456016,844.8084445996999,5.5855233006640905e-05,0.002604166666666666,0.00020495779359084145,0.010416666666666668,2018-03-01,内蒙古
56.40946600348658,48.422590041293724,207.1269743787608,2905.355402477624,12427.618462725648,1184.0845628324307,4796.809729368282,0.0018229166666666671,0.0018229166666666663,0.007291666666666668,0.007291666666666668,0.0018229166666666663,0.007291666666666667,283865.8230655933,3384.567960209195,2.1955540289861017e-05,0.0018229166666666667,0.0007411921560376087,0.0029286651934656424,0.0018229166666666667,0.0040104166666666665,67163.8996654629,1405.5689332932634,26620.910842853053,564.8592766824479,3.814024927131725e-05,0.001822916666666667,0.00014111490872850476,0.007291666666666668,2018-04-01,内蒙古
294.46187560269766,93.96421407149131,406.5795217317158,5637.852844289479,24394.771303902944,2284.561223058353,9283.909839372827,0.004166666666666669,0.004166666666666664,0.016666666666666666,0.01666666666666667,0.004166666666666666,0.016666666666666666,649758.3606666999,17667.71253616186,0.00011272726188984363,0.004166666666666666,0.0017345905993654048,0.006734599060044713,0.004166666666666666,0.009166666666666668,178863.627752079,6180.029257423642,69332.0691821597,2085.5272016330946,0.00014401272504744515,0.004166666666666666,0.0006537407908754448,0.016666666666666666,2018-01-01,云南
398.4272626295308,109.17136653751533,543.1005690321406,6550.281992250921,32586.03414192844,2646.1584836893917,13446.582598810532,0.0041666666666666675,0.0041666666666666675,0.01666666666666667,0.01666666666666667,0.004166666666666667,0.016666666666666666,835047.0134905513,23905.635757771848,0.00011859652936802194,0.004166666666666665,0.0017380121065340946,0.0067380175470888185,0.004166666666666666,0.009166666666666668,103220.80474135127,3716.2948889071827,38844.19228042907,1225.5162121462715,0.00014999592217803748,0.004166666666666666,0.0006563005520545907,0.016666666666666663,2018-02-01,云南
205.1266146323742,92.69594743194405,290.42890220496304,5561.756845916644,17425.73413229778,2196.7190555327215,7071.774392495072,0.0026041666666666674,0.002604166666666666,0.010416666666666668,0.010416666666666668,0.0026041666666666665,0.010416666666666668,447029.910333739,12307.596877942455,7.134273484903759e-05,0.002604166666666666,0.0010847253154071983,0.004209732612071377,0.002604166666666666,0.005729166666666666,99398.77721227985,2810.8546689015334,38827.695782456016,989.3305610317395,7.363486323354494e-05,0.002604166666666666,0.00034544742635831056,0.010416666666666661,2018-03-01,云南
119.24410958075723,48.422590041293724,207.1269743787608,2905.355402477624,12427.618462725648,1184.0845628324307,4796.809729368282,0.0018229166666666671,0.0018229166666666663,0.007291666666666668,0.007291666666666668,0.0018229166666666663,0.007291666666666665,283865.8230655933,7154.646574845434,4.566432496907447e-05,0.0018229166666666658,0.0007570003534562725,0.0029445126595315785,0.0018229166666666663,0.004010416666666668,67163.8996654629,1739.0071118006827,26620.910842853053,623.9483599125815,4.719189767391815e-05,0.0018229166666666663,0.00022905096631189526,0.007291666666666665,2018-04-01,云南
229.80818864369138,93.96421407149131,406.5795217317158,5637.852844289479,24394.771303902944,2284.561223058353,9283.909839372827,0.0041666666666666675,0.004166666666666664,0.016666666666666663,0.01666666666666667,0.004166666666666666,0.01666666666666667,649758.3606666999,13788.491318621482,8.824472772892315e-05,0.004166666666666668,0.0017191383794448955,0.006719124405032964,0.0041666666666666675,0.009166666666666668,178863.627752079,3013.2389286599605,69332.0691821597,1219.3586641551392,7.022313029617939e-05,0.004166666666666667,0.00024492730790300245,0.016666666666666663,2018-01-01,黑龙江
238.680668094478,109.17136653751533,543.1005690321406,6550.281992250921,32586.03414192844,2646.1584836893917,13446.582598810532,0.004166666666666667,0.0041666666666666675,0.01666666666666667,0.01666666666666667,0.004166666666666666,0.01666666666666667,835047.0134905513,14320.840085668679,7.194989921023074e-05,0.0041666666666666675,0.0017081600194014624,0.006708113173685047,0.004166666666666667,0.009166666666666663,103220.80474135127,2408.641023006958,38844.19228042907,960.7964927668379,9.716974423434164e-05,0.0041666666666666675,0.00033340539957211855,0.016666666666666666,2018-02-01,黑龙江
134.89996017735203,92.69594743194405,290.42890220496304,5561.756845916644,17425.73413229778,2196.7190555327215,7071.774392495072,0.002604166666666667,0.002604166666666667,0.010416666666666668,0.010416666666666668,0.002604166666666666,0.010416666666666673,447029.910333739,8093.997610641121,4.750816893624434e-05,0.002604166666666666,0.00106938638089178,0.004194364311784654,0.002604166666666666,0.005729166666666666,99398.77721227985,2754.432594528167,38827.695782456016,1096.840899984853,7.212037238010865e-05,0.002604166666666668,0.0002670274497738735,0.010416666666666666,2018-03-01,黑龙江
88.41762233341673,48.422590041293724,207.1269743787608,2905.355402477624,12427.618462725648,1184.0845628324307,4796.809729368282,0.001822916666666667,0.001822916666666667,0.007291666666666668,0.007291666666666668,0.0018229166666666663,0.007291666666666665,283865.8230655933,5305.057340005004,3.4334057547466955e-05,0.0018229166666666663,0.0007493603797750627,0.002936848923158459,0.001822916666666667,0.004010416666666667,67163.8996654629,1580.0599764786505,26620.910842853053,631.9368324265893,4.285179117653081e-05,0.0018229166666666676,0.00016127847288142984,0.007291666666666665,2018-04-01,黑龙江
336.9779367498984,93.96421407149131,406.5795217317158,5637.852844289479,24394.771303902944,2284.561223058353,9283.909839372827,0.0041666666666666675,0.004166666666666664,0.016666666666666666,0.016666666666666677,0.004166666666666666,0.01666666666666667,649758.3606666999,20218.676204993906,0.00013043558863325892,0.0041666666666666675,0.001744727094118888,0.006744718274432496,0.004166666666666666,0.009166666666666668,178863.627752079,6239.853276049718,69332.0691821597,2413.4861890986867,0.00014546532644799646,0.0041666666666666675,0.0005504800749536592,0.016666666666666663,2018-01-01,陕西
387.46167142363765,109.17136653751533,543.1005690321406,6550.281992250921,32586.03414192844,2646.1584836893917,13446.582598810532,0.0041666666666666675,0.0041666666666666675,0.01666666666666667,0.016666666666666673,0.004166666666666666,0.01666666666666667,835047.0134905513,23247.700285418265,0.00011687132071943645,0.004166666666666666,0.0017357820827687501,0.006735742026177127,0.004166666666666666,0.009166666666666667,103220.80474135127,3141.3946178658134,38844.19228042907,1197.2546284205391,0.00012685923939377417,0.004166666666666666,0.00048378190150169813,0.01666666666666667,2018-02-01,陕西
189.5771386689212,92.69594743194405,290.42890220496304,5561.756845916644,17425.73413229778,2196.7190555327215,7071.774392495072,0.002604166666666667,0.002604166666666667,0.01041666666666667,0.010416666666666673,0.002604166666666667,0.010416666666666673,447029.910333739,11374.62832013527,6.680622434962099e-05,0.002604166666666666,0.0010807101822428303,0.004205668940267401,0.002604166666666667,0.005729166666666667,99398.77721227985,2853.0685494238614,38827.695782456016,1109.2289748345222,7.476913141718161e-05,0.002604166666666667,0.0002909660347582917,0.010416666666666668,2018-03-01,陕西
114.52135115647012,48.422590041293724,207.1269743787608,2905.355402477624,12427.618462725648,1184.0845628324307,4796.809729368282,0.0018229166666666678,0.0018229166666666667,0.007291666666666668,0.0072916666666666685,0.0018229166666666667,0.007291666666666665,283865.8230655933,6871.281069388209,4.451494786069804e-05,0.0018229166666666663,0.0007549765537792953,0.002942440952949729,0.001822916666666667,0.004010416666666666,67163.8996654629,2168.6571296710094,26620.910842853053,865.6322120726812,5.888149886421841e-05,0.0018229166666666667,0.00021980335632049326,0.007291666666666668,2018-04-01,陕西
242.19411515058394,93.96421407149131,406.5795217317158,5637.852844289479,24394.771303902944,2284.561223058353,9283.909839372827,0.0041666666666666675,0.004166666666666664,0.01666666666666667,0.01666666666666667,0.004166666666666666,0.01666666666666667,649758.3606666999,14531.646909035037,9.210238495819875e-05,0.0041666666666666675,0.0017223166830106812,0.006722325837177068,0.004166666666666666,0.009166666666666674,178863.627752079,4124.686670857522,69332.0691821597,1703.851115356811,9.615863690762273e-05,0.0041666666666666675,0.0002924553199166258,0.016666666666666666,2018-01-01,重庆
276.1156158345809,109.17136653751533,543.1005690321406,6550.281992250921,32586.03414192844,2646.1584836893917,13446.582598810532,0.0041666666666666675,0.0041666666666666675,0.01666666666666667,0.01666666666666667,0.004166666666666666,0.01666666666666667,835047.0134905513,16566.93695007485,8.282990788171493e-05,0.0041666666666666675,0.0017166393981425626,0.006716645602069775,0.0041666666666666675,0.00916666666666667,103220.80474135127,2363.526203879511,38844.19228042907,931.7364637979874,9.552635888135648e-05,0.004166666666666666,0.00031392992346425776,0.01666666666666667,2018-02-01,重庆
135.25183704980634,92.69594743194405,290.42890220496304,5561.756845916644,17425.73413229778,2196.7190555327215,7071.774392495072,0.002604166666666667,0.002604166666666667,0.01041666666666667,0.010416666666666668,0.002604166666666667,0.010416666666666673,447029.910333739,8115.11022298838,4.75153995879026e-05,0.002604166666666666,0.0010704923683739938,0.004195499406447027,0.002604166666666666,0.005729166666666667,99398.77721227985,1951.4851567195524,38827.695782456016,784.4251897815097,5.117137997098587e-05,0.0026041666666666657,0.00016917339289444457,0.010416666666666664,2018-03-01,重庆
86.19532143239203,48.422590041293724,207.1269743787608,2905.355402477624,12427.618462725648,1184.0845628324307,4796.809729368282,0.001822916666666667,0.001822916666666667,0.0072916666666666685,0.007291666666666668,0.0018229166666666663,0.007291666666666665,283865.8230655933,5171.719285943522,3.329234080671024e-05,0.0018229166666666671,0.000749251502376172,0.002936753996800479,0.0018229166666666663,0.004010416666666669,67163.8996654629,1277.2794732384568,26620.910842853053,522.178088118034,3.4704861941897494e-05,0.0018229166666666667,0.00011321161042897765,0.007291666666666666,2018-04-01,重庆
643.0808719172551,93.96421407149131,406.5795217317158,5637.852844289479,24394.771303902944,2284.561223058353,9283.909839372827,0.004166666666666669,0.004166666666666664,0.016666666666666666,0.01666666666666667,0.004166666666666666,0.01666666666666667,649758.3606666999,38584.85231503531,0.00024484551859199817,0.0041666666666666675,0.00183046697237972,0.0068319411706694155,0.004166666666666668,0.009166666666666667,178863.627752079,10735.9385369595,69332.0691821597,4364.435538681668,0.000250082524454281,0.004166666666666666,0.000868392280505543,0.016666666666666663,2018-01-01,四川
756.9390216219197,109.17136653751533,543.1005690321406,6550.281992250921,32586.03414192844,2646.1584836893917,13446.582598810532,0.0041666666666666675,0.0041666666666666675,0.01666666666666667,0.01666666666666667,0.004166666666666666,0.01666666666666667,835047.0134905513,45416.341297315186,0.00022728143583484838,0.0041666666666666675,0.0018267627845789801,0.0068288191968828155,0.0041666666666666675,0.009166666666666665,103220.80474135127,6237.292823412608,38844.19228042907,2456.090897955346,0.0002516906810435467,0.0041666666666666675,0.0008915443415346278,0.016666666666666666,2018-02-01,四川
180.45528714941383,92.69594743194405,290.42890220496304,5561.756845916644,17425.73413229778,2196.7190555327215,7071.774392495072,0.002604166666666667,0.002604166666666666,0.010416666666666668,0.010416666666666668,0.002604166666666666,0.01041666666666667,447029.910333739,10827.317228964828,6.337815966563757e-05,0.002604166666666667,0.0010574493274592962,0.004180509790033016,0.002604166666666666,0.005729166666666666,99398.77721227985,5208.4622348058765,38827.695782456016,2107.392780793477,0.00013643320473992154,0.002604166666666667,0.00048076670313770516,0.010416666666666666,2018-03-01,四川
99.66579062185764,48.422590041293724,207.1269743787608,2905.355402477624,12427.618462725648,1184.0845628324307,4796.809729368282,0.0018229166666666671,0.0018229166666666667,0.007291666666666668,0.007291666666666668,0.0018229166666666663,0.007291666666666665,283865.8230655933,5979.947437311459,3.85531593435281e-05,0.0018229166666666663,0.0007341087231719889,0.002920027764001387,0.0018229166666666663,0.004010416666666665,67163.8996654629,3422.123637482692,26620.910842853053,1398.8201965238388,9.28530392889785e-05,0.0018229166666666663,0.00032984454138726014,0.007291666666666667,2018-04-01,四川
351.62676028992985,93.96421407149131,406.5795217317158,5637.852844289479,24394.771303902944,2284.561223058353,9283.909839372827,0.0041666666666666675,0.004166666666666664,0.016666666666666666,0.01666666666666667,0.004166666666666666,0.01666666666666667,649758.3606666999,21097.60561739579,0.00013586386847929102,0.0041666666666666675,0.00175007656182075,0.006750132628652855,0.0041666666666666675,0.00916666666666667,178863.627752079,4412.333657072795,69332.0691821597,1747.8623444217192,0.00010290283549927205,0.004166666666666667,0.00036522277208577396,0.016666666666666663,2018-01-01,辽宁
467.05051887640826,109.17136653751533,543.1005690321406,6550.281992250921,32586.03414192844,2646.1584836893917,13446.582598810532,0.004166666666666667,0.0041666666666666675,0.01666666666666667,0.01666666666666667,0.004166666666666666,0.01666666666666667,835047.0134905513,28023.031132584496,0.00013979280316392457,0.004166666666666666,0.0017523833500651472,0.006752437186966879,0.004166666666666667,0.009166666666666667,103220.80474135127,3494.1987927477558,38844.19228042907,1364.4575931863899,0.00014112216724779911,0.004166666666666666,0.00048824735623466116,0.01666666666666667,2018-02-01,辽宁
340.35759916214914,92.69594743194405,290.42890220496304,5561.756845916644,17425.73413229778,2196.7190555327215,7071.774392495072,0.002604166666666667,0.002604166666666667,0.01041666666666667,0.010416666666666668,0.002604166666666667,0.010416666666666673,447029.910333739,20421.455949728952,0.0001188409958795255,0.002604166666666666,0.0011090124389671956,0.004233897532577545,0.002604166666666668,0.005729166666666667,99398.77721227985,3582.94146176107,38827.695782456016,1408.0960208323934,9.391469901934255e-05,0.002604166666666667,0.00034215717356021784,0.010416666666666668,2018-03-01,辽宁
220.21176391462188,48.422590041293724,207.1269743787608,2905.355402477624,12427.618462725648,1184.0845628324307,4796.809729368282,0.001822916666666667,0.001822916666666667,0.007291666666666668,0.007291666666666667,0.0018229166666666663,0.007291666666666665,283865.8230655933,13212.705834877312,8.475324193180538e-05,0.0018229166666666663,0.000776986369366251,0.0029643984185752873,0.0018229166666666667,0.004010416666666668,67163.8996654629,2471.467079798236,26620.910842853053,987.7895252794428,6.711589998054686e-05,0.0018229166666666663,0.00024301734364320113,0.0072916666666666685,2018-04-01,辽宁
425.10553944420565,93.96421407149131,406.5795217317158,5637.852844289479,24394.771303902944,2284.561223058353,9283.909839372827,0.0041666666666666675,0.004166666666666664,0.01666666666666667,0.01666666666666667,0.004166666666666666,0.01666666666666667,649758.3606666999,25506.33236665234,0.00016361900347567726,0.0041666666666666675,0.0017639539867534484,0.006763922983527251,0.0041666666666666675,0.009166666666666667,178863.627752079,8718.517343955651,69332.0691821597,3455.250081103285,0.00020314861811753356,0.004166666666666666,0.0006967157304188533,0.01666666666666667,2018-01-01,湖南
622.6914228579094,109.17136653751533,543.1005690321406,6550.281992250921,32586.03414192844,2646.1584836893917,13446.582598810532,0.004166666666666667,0.0041666666666666675,0.01666666666666667,0.01666666666666667,0.004166666666666666,0.01666666666666667,835047.0134905513,37361.485371474555,0.0001844796948630828,0.004166666666666666,0.0017759338573269303,0.0067758825353360355,0.0041666666666666675,0.009166666666666667,103220.80474135127,3803.2699919426714,38844.19228042907,1447.2253744358668,0.0001535050667581742,0.004166666666666666,0.0005563074702699733,0.016666666666666666,2018-02-01,湖南
348.7071402620321,92.69594743194405,290.42890220496304,5561.756845916644,17425.73413229778,2196.7190555327215,7071.774392495072,0.002604166666666667,0.002604166666666668,0.01041666666666667,0.010416666666666668,0.002604166666666667,0.010416666666666673,447029.910333739,20922.42841572193,0.00012054719226577006,0.002604166666666666,0.0011122901050138526,0.0042372282783098856,0.002604166666666667,0.005729166666666669,99398.77721227985,3904.932038796778,38827.695782456016,1555.7380677630426,0.00010230078707414276,0.002604166666666667,0.00036916270148764263,0.010416666666666664,2018-03-01,湖南
235.73330690007597,48.422590041293724,207.1269743787608,2905.355402477624,12427.618462725648,1184.0845628324307,4796.809729368282,0.001822916666666667,0.001822916666666667,0.007291666666666667,0.007291666666666667,0.0018229166666666663,0.007291666666666665,283865.8230655933,14143.998414004554,8.98014369438839e-05,0.0018229166666666667,0.0007812679389635709,0.002968703537151588,0.0018229166666666671,0.0040104166666666665,67163.8996654629,2552.4499762728738,26620.910842853053,1031.940496927061,6.927241960612061e-05,0.0018229166666666663,0.0002460001164469375,0.007291666666666665,2018-04-01,湖南
457.7977250314367,93.96421407149131,406.5795217317158,5637.852844289479,24394.771303902944,2284.561223058353,9283.909839372827,0.0041666666666666675,0.004166666666666664,0.01666666666666667,0.01666666666666667,0.004166666666666666,0.01666666666666667,649758.3606666999,27467.863501886204,0.0001757056097838063,0.0041666666666666675,0.0017729536143690665,0.006772993564181989,0.004166666666666666,0.009166666666666667,178863.627752079,8133.93690335068,69332.0691821597,3213.9410709897156,0.00018938139002002043,0.0041666666666666675,0.000694265213552128,0.016666666666666663,2018-01-01,湖北
499.48913269345576,109.17136653751533,543.1005690321406,6550.281992250921,32586.03414192844,2646.1584836893917,13446.582598810532,0.004166666666666667,0.0041666666666666675,0.01666666666666667,0.01666666666666667,0.004166666666666666,0.01666666666666667,835047.0134905513,29969.34796160735,0.0001499736650113687,0.0041666666666666675,0.0017566422044891787,0.006756641637158084,0.0041666666666666675,0.009166666666666665,103220.80474135127,3453.3487609775793,38844.19228042907,1309.4526106003905,0.0001394236372581285,0.0041666666666666675,0.0005272047940994035,0.01666666666666667,2018-02-01,湖北
287.3620422971677,92.69594743194405,290.42890220496304,5561.756845916644,17425.73413229778,2196.7190555327215,7071.774392495072,0.002604166666666667,0.002604166666666668,0.01041666666666667,0.010416666666666668,0.002604166666666667,0.010416666666666673,447029.910333739,17241.72253783006,0.00010079399854511303,0.002604166666666667,0.0011025782020963543,0.004227598094209561,0.002604166666666667,0.005729166666666665,99398.77721227985,3524.297351620224,38827.695782456016,1391.4587132839745,9.234364871115598e-05,0.0026041666666666683,0.00034779182574321053,0.010416666666666668,2018-03-01,湖北
189.63089457303167,48.422590041293724,207.1269743787608,2905.355402477624,12427.618462725648,1184.0845628324307,4796.809729368282,0.0018229166666666676,0.001822916666666667,0.007291666666666667,0.007291666666666667,0.0018229166666666663,0.007291666666666665,283865.8230655933,11377.853674381899,7.335314764619265e-05,0.0018229166666666676,0.0007737263334677037,0.002961251380271531,0.001822916666666667,0.004010416666666666,67163.8996654629,2299.6728476519243,26620.910842853053,926.1637883716271,6.242900106067962e-05,0.0018229166666666663,0.00022702918547056372,0.007291666666666668,2018-04-01,湖北
707.2136472074583,93.96421407149131,406.5795217317158,5637.852844289479,24394.771303902944,2284.561223058353,9283.909839372827,0.0041666666666666675,0.004166666666666664,0.01666666666666667,0.01666666666666667,0.004166666666666666,0.01666666666666667,649758.3606666999,42432.81883244749,0.00027189134480636506,0.004166666666666667,0.0018320625019262178,0.006832243979495358,0.0041666666666666675,0.009166666666666672,178863.627752079,10665.531639847537,69332.0691821597,4219.708071844282,0.00024845157481087914,0.004166666666666667,0.0011147339876286402,0.016666666666666663,2018-01-01,浙江
1075.9253350541837,109.17136653751533,543.1005690321406,6550.281992250921,32586.03414192844,2646.1584836893917,13446.582598810532,0.004166666666666667,0.0041666666666666675,0.016666666666666673,0.01666666666666667,0.004166666666666666,0.01666666666666667,835047.0134905513,64555.520103251016,0.00031991125209617356,0.0041666666666666675,0.0018620496926450032,0.006862321833190077,0.004166666666666666,0.009166666666666675,103220.80474135127,7322.042974380283,38844.19228042907,2736.970857335713,0.0002956007671721569,0.0041666666666666675,0.0014086470717203366,0.016666666666666663,2018-02-01,浙江
713.759760283219,92.69594743194405,290.42890220496304,5561.756845916644,17425.73413229778,2196.7190555327215,7071.774392495072,0.002604166666666667,0.002604166666666667,0.010416666666666671,0.010416666666666668,0.002604166666666667,0.010416666666666673,447029.910333739,42825.58561699314,0.00024745933118099675,0.002604166666666666,0.0011880070338803252,0.0043128380090188,0.002604166666666667,0.005729166666666669,99398.77721227985,7083.987863257843,38827.695782456016,2747.079284687412,0.00018562959810078993,0.002604166666666666,0.0008384104655088705,0.010416666666666664,2018-03-01,浙江
438.5835216485535,48.422590041293724,207.1269743787608,2905.355402477624,12427.618462725648,1184.0845628324307,4796.809729368282,0.0018229166666666676,0.001822916666666667,0.007291666666666668,0.007291666666666667,0.0018229166666666663,0.007291666666666665,283865.8230655933,26315.01129891321,0.00016755184713704708,0.001822916666666667,0.0008286798778007055,0.0030160993742120155,0.0018229166666666667,0.004010416666666668,67163.8996654629,4767.573875678996,26620.910842853053,1858.4351767018297,0.00012943155300664547,0.0018229166666666663,0.0006005576180640238,0.007291666666666665,2018-04-01,浙江
1027.7229096854467,93.96421407149131,406.5795217317158,5637.852844289479,24394.771303902944,2284.561223058353,9283.909839372827,0.0041666666666666675,0.004166666666666664,0.016666666666666666,0.01666666666666667,0.004166666666666666,0.01666666666666667,649758.3606666999,61663.37458112681,0.00039646946160444845,0.0041666666666666675,0.0019018991865252504,0.0069016820675644654,0.0041666666666666675,0.009166666666666668,178863.627752079,16715.313900842862,69332.0691821597,6245.88149673548,0.00038931369147256016,0.0041666666666666675,0.0015484556494840987,0.016666666666666663,2018-01-01,河南
1149.94354641399,109.17136653751533,543.1005690321406,6550.281992250921,32586.03414192844,2646.1584836893917,13446.582598810532,0.004166666666666667,0.0041666666666666675,0.016666666666666673,0.01666666666666667,0.004166666666666666,0.01666666666666667,835047.0134905513,68996.6127848394,0.0003445911776932307,0.004166666666666666,0.0018749239875303844,0.0068750510845012784,0.004166666666666669,0.009166666666666665,103220.80474135127,8125.854328139081,38844.19228042907,2925.169355615367,0.0003280046154538443,0.0041666666666666675,0.0013491193459363375,0.016666666666666673,2018-02-01,河南
632.9323931340543,92.69594743194405,290.42890220496304,5561.756845916644,17425.73413229778,2196.7190555327215,7071.774392495072,0.002604166666666667,0.002604166666666667,0.010416666666666671,0.010416666666666668,0.002604166666666667,0.010416666666666673,447029.910333739,37975.94358804326,0.0002214268557278241,0.002604166666666666,0.0011750639546789904,0.004300109813694277,0.002604166666666667,0.005729166666666667,99398.77721227985,7312.688071421564,38827.695782456016,2824.5334040945045,0.0001915668711176144,0.002604166666666667,0.0007959179132782058,0.010416666666666666,2018-03-01,河南
376.6441322175224,48.422590041293724,207.1269743787608,2905.355402477624,12427.618462725648,1184.0845628324307,4796.809729368282,0.001822916666666667,0.001822916666666667,0.007291666666666668,0.007291666666666667,0.0018229166666666663,0.007291666666666665,283865.8230655933,22598.647933051347,0.00014518828251827156,0.0018229166666666667,0.0008172719402427274,0.003004855381329388,0.001822916666666667,0.004010416666666667,67163.8996654629,5430.04162044333,26620.910842853053,2155.2282087248873,0.0001473595173360449,0.0018229166666666671,0.0006037152500006139,0.007291666666666668,2018-04-01,河南
650.9057898427698,93.96421407149131,406.5795217317158,5637.852844289479,24394.771303902944,2284.561223058353,9283.909839372827,0.004166666666666669,0.004166666666666664,0.01666666666666667,0.01666666666666667,0.004166666666666666,0.01666666666666667,649758.3606666999,39054.34739056618,0.00025082346039414393,0.004166666666666668,0.001817081482156465,0.0068170765028098285,0.004166666666666665,0.009166666666666668,178863.627752079,13527.975705674267,69332.0691821597,5199.1191180415735,0.0003151751726862963,0.0041666666666666675,0.0013558888278708096,0.016666666666666663,2018-01-01,河北
763.8302667586015,109.17136653751533,543.1005690321406,6550.281992250921,32586.03414192844,2646.1584836893917,13446.582598810532,0.004166666666666667,0.0041666666666666675,0.01666666666666667,0.01666666666666667,0.004166666666666666,0.01666666666666667,835047.0134905513,45829.8160055161,0.00022962509361173293,0.004166666666666667,0.0018040146254261825,0.006803985572475538,0.004166666666666666,0.00916666666666667,103220.80474135127,9198.182434058132,38844.19228042907,3409.0758806881036,0.0003713644543643223,0.004166666666666666,0.0015488928520769002,0.016666666666666663,2018-02-01,河北
384.9129336045763,92.69594743194405,290.42890220496304,5561.756845916644,17425.73413229778,2196.7190555327215,7071.774392495072,0.0026041666666666674,0.002604166666666667,0.010416666666666671,0.010416666666666668,0.002604166666666667,0.010416666666666673,447029.910333739,23094.776016274584,0.00013514316610542282,0.002604166666666667,0.0011224510955501847,0.004247430224545997,0.002604166666666666,0.005729166666666669,99398.77721227985,7815.020304597481,38827.695782456016,3007.661870992024,0.00020477050875730577,0.002604166666666666,0.00088266779320523,0.010416666666666668,2018-03-01,河北
254.67728449029843,48.422590041293724,207.1269743787608,2905.355402477624,12427.618462725648,1184.0845628324307,4796.809729368282,0.0018229166666666671,0.0018229166666666667,0.007291666666666668,0.007291666666666667,0.0018229166666666663,0.007291666666666668,283865.8230655933,15280.63706941791,9.862572036579212e-05,0.0018229166666666667,0.0007881562924730618,0.002975643510581937,0.0018229166666666667,0.004010416666666667,67163.8996654629,6453.1828392917405,26620.910842853053,2524.5488987801905,0.0001751697565229911,0.001822916666666667,0.0007497141806019064,0.007291666666666667,2018-04-01,河北
286.4915114857427,93.96421407149131,406.5795217317158,5637.852844289479,24394.771303902944,2284.561223058353,9283.909839372827,0.004166666666666669,0.004166666666666664,0.01666666666666667,0.01666666666666667,0.004166666666666666,0.01666666666666667,649758.3606666999,17189.490689144564,0.00011017406196485915,0.0041666666666666675,0.0017323653103602427,0.0067323556650163135,0.0041666666666666675,0.009166666666666665,178863.627752079,6075.334435706107,69332.0691821597,2450.866259989354,0.00014151244345620697,0.004166666666666664,0.00048299868255875984,0.016666666666666663,2018-01-01,江西
409.42043426557694,109.17136653751533,543.1005690321406,6550.281992250921,32586.03414192844,2646.1584836893917,13446.582598810532,0.004166666666666667,0.0041666666666666675,0.01666666666666667,0.01666666666666667,0.004166666666666666,0.01666666666666667,835047.0134905513,24565.226055934618,0.00012148889180763616,0.0041666666666666675,0.0017384903474656987,0.006738466321330042,0.004166666666666667,0.009166666666666667,103220.80474135127,2606.462900073655,38844.19228042907,1000.2683525431977,0.00010521820009114071,0.004166666666666666,0.00038012740531313935,0.01666666666666667,2018-02-01,江西
232.07547922148075,92.69594743194405,290.42890220496304,5561.756845916644,17425.73413229778,2196.7190555327215,7071.774392495072,0.0026041666666666674,0.002604166666666667,0.010416666666666668,0.010416666666666668,0.0026041666666666665,0.010416666666666673,447029.910333739,13924.528753288845,8.02794105157141e-05,0.002604166666666667,0.00108843462874677,0.004213402675318975,0.002604166666666666,0.005729166666666667,99398.77721227985,2672.635027042586,38827.695782456016,1072.5890141610428,7.003880510818697e-05,0.002604166666666666,0.00025486776361305743,0.010416666666666671,2018-03-01,江西
150.84550220566845,48.422590041293724,207.1269743787608,2905.355402477624,12427.618462725648,1184.0845628324307,4796.809729368282,0.0018229166666666671,0.0018229166666666667,0.007291666666666668,0.007291666666666667,0.0018229166666666663,0.007291666666666665,283865.8230655933,9050.73013234011,5.750855930185477e-05,0.001822916666666667,0.0007625418762419694,0.0029500160858090983,0.0018229166666666667,0.0040104166666666665,67163.8996654629,1907.582351150286,26620.910842853053,780.3095817867443,5.178841891643387e-05,0.0018229166666666667,0.00018236197692176188,0.007291666666666668,2018-04-01,江西
985.9226235021924,93.96421407149131,406.5795217317158,5637.852844289479,24394.771303902944,2284.561223058353,9283.909839372827,0.004166666666666669,0.004166666666666664,0.01666666666666667,0.01666666666666667,0.004166666666666666,0.01666666666666667,649758.3606666999,59155.357410131546,0.0003806580876735507,0.004166666666666665,0.0018948150004781455,0.006894793716838488,0.004166666666666666,0.00916666666666667,178863.627752079,14512.989256311015,69332.0691821597,5655.310828962407,0.0003381591513538244,0.004166666666666666,0.0015666796194410695,0.01666666666666667,2018-01-01,江苏
1305.974218439495,109.17136653751533,543.1005690321406,6550.281992250921,32586.03414192844,2646.1584836893917,13446.582598810532,0.0041666666666666675,0.0041666666666666675,0.01666666666666667,0.01666666666666667,0.004166666666666666,0.01666666666666667,835047.0134905513,78358.45310636968,0.00039027589163538346,0.0041666666666666675,0.001900920317153372,0.006900928465701172,0.004166666666666666,0.009166666666666668,103220.80474135127,10549.712209797979,38844.19228042907,3964.376445360672,0.00042606660823250035,0.004166666666666667,0.0019216781824704337,0.01666666666666667,2018-02-01,江苏
869.209114115627,92.69594743194405,290.42890220496304,5561.756845916644,17425.73413229778,2196.7190555327215,7071.774392495072,0.0026041666666666674,0.002604166666666667,0.010416666666666668,0.010416666666666668,0.0026041666666666665,0.010416666666666673,447029.910333739,52152.546846937614,0.0003030060296414785,0.002604166666666667,0.0012191105868812964,0.004343726871255577,0.002604166666666666,0.005729166666666669,99398.77721227985,8863.514173170333,38827.695782456016,3417.0420462754264,0.00023230204048617066,0.002604166666666666,0.0010486278082306856,0.010416666666666668,2018-03-01,江苏
560.5683781131008,48.422590041293724,207.1269743787608,2905.355402477624,12427.618462725648,1184.0845628324307,4796.809729368282,0.0018229166666666671,0.0018229166666666667,0.007291666666666668,0.007291666666666668,0.0018229166666666663,0.007291666666666668,283865.8230655933,33634.10268678605,0.0002155412145208422,0.001822916666666667,0.0008551344783120924,0.003042338756694847,0.0018229166666666663,0.004010416666666667,67163.8996654629,5699.812089967926,26620.910842853053,2219.371842125157,0.0001547812956986887,0.0018229166666666667,0.0007011540753895835,0.007291666666666668,2018-04-01,江苏
256.38477561894746,93.96421407149131,406.5795217317158,5637.852844289479,24394.771303902944,2284.561223058353,9283.909839372827,0.0041666666666666675,0.004166666666666664,0.016666666666666666,0.01666666666666667,0.004166666666666666,0.01666666666666667,649758.3606666999,15383.086537136849,9.761258649593161e-05,0.004166666666666667,0.0017229239955526803,0.006722836553184557,0.0041666666666666675,0.00916666666666667,178863.627752079,4810.574229868982,69332.0691821597,1976.9001492110121,0.00011204615824030682,0.004166666666666667,0.0004124621005462554,0.01666666666666667,2018-01-01,福建
327.8017068100236,109.17136653751533,543.1005690321406,6550.281992250921,32586.03414192844,2646.1584836893917,13446.582598810532,0.004166666666666667,0.0041666666666666675,0.01666666666666667,0.01666666666666667,0.004166666666666666,0.01666666666666667,835047.0134905513,19668.102408601415,9.821690076702668e-05,0.004166666666666664,0.0017241719442314559,0.0067241197245976846,0.004166666666666666,0.009166666666666667,103220.80474135127,2890.9172774825156,38844.19228042907,1151.1048234324503,0.0001166327099644374,0.0041666666666666675,0.0004083552622557178,0.016666666666666666,2018-02-01,福建
195.97998189001976,92.69594743194405,290.42890220496304,5561.756845916644,17425.73413229778,2196.7190555327215,7071.774392495072,0.002604166666666667,0.002604166666666668,0.01041666666666667,0.010416666666666668,0.002604166666666667,0.010416666666666673,447029.910333739,11758.798913401186,6.860455596044e-05,0.002604166666666666,0.0010828586301467583,0.004207859157630895,0.002604166666666667,0.005729166666666668,99398.77721227985,3032.3123824065788,38827.695782456016,1236.1407273261684,7.940680176288313e-05,0.0026041666666666665,0.00027460436486756397,0.010416666666666668,2018-03-01,福建
127.1266885209629,48.422590041293724,207.1269743787608,2905.355402477624,12427.618462725648,1184.0845628324307,4796.809729368282,0.001822916666666667,0.001822916666666667,0.007291666666666668,0.007291666666666667,0.0018229166666666663,0.007291666666666665,283865.8230655933,7627.601311257775,4.903572051126101e-05,0.0018229166666666665,0.0007587686172096216,0.002946274699762664,0.0018229166666666667,0.004010416666666667,67163.8996654629,1836.7093790738857,26620.910842853053,758.16959547204,4.982204241358885e-05,0.001822916666666667,0.00016934987256611318,0.007291666666666665,2018-04-01,福建
519.4903529017415,93.96421407149131,406.5795217317158,5637.852844289479,24394.771303902944,2284.561223058353,9283.909839372827,0.004166666666666669,0.004166666666666665,0.016666666666666666,0.01666666666666667,0.004166666666666666,0.01666666666666667,649758.3606666999,31169.421174104493,0.00019865494685817952,0.004166666666666667,0.0017826042182492812,0.006782486275536733,0.004166666666666667,0.009166666666666663,178863.627752079,8546.937943623483,69332.0691821597,3309.9721416700804,0.000199156839984572,0.0041666666666666675,0.0007907223480893487,0.01666666666666667,2018-01-01,安徽
696.7528483307727,109.17136653751533,543.1005690321406,6550.281992250921,32586.03414192844,2646.1584836893917,13446.582598810532,0.0041666666666666675,0.004166666666666668,0.01666666666666667,0.01666666666666667,0.004166666666666666,0.01666666666666667,835047.0134905513,41805.17089984637,0.0002066925661621124,0.004166666666666668,0.001789032589026498,0.006788971498836649,0.0041666666666666675,0.009166666666666663,103220.80474135127,4414.515825151123,38844.19228042907,1609.1257202809386,0.0001783272797020001,0.0041666666666666675,0.0007435982004845073,0.016666666666666663,2018-02-01,安徽
732.6271212619291,92.69594743194405,290.42890220496304,5561.756845916644,17425.73413229778,2196.7190555327215,7071.774392495072,0.0026041666666666674,0.002604166666666667,0.010416666666666668,0.010416666666666668,0.002604166666666666,0.01041666666666667,447029.910333739,43957.62727571575,0.0002531444517402955,0.002604166666666667,0.0011728662982384605,0.0042970965436192774,0.002604166666666666,0.005729166666666667,99398.77721227985,3646.0093444429167,38827.695782456016,1407.061956295384,9.557850481406235e-05,0.002604166666666668,0.0003955149450262601,0.01041666666666667,2018-03-01,安徽
519.1352826906351,48.422590041293724,207.1269743787608,2905.355402477624,12427.618462725648,1184.0845628324307,4796.809729368282,0.0018229166666666671,0.0018229166666666667,0.007291666666666668,0.007291666666666668,0.0018229166666666663,0.007291666666666668,283865.8230655933,31148.116961438107,0.0001977444189184889,0.001822916666666667,0.0008299928630435833,0.003016826852488208,0.001822916666666667,0.004010416666666666,67163.8996654629,2534.4051212221057,26620.910842853053,993.2322749368739,6.883905565591565e-05,0.0018229166666666671,0.0002873426230162385,0.007291666666666665,2018-04-01,安徽
1009.9818376806796,93.96421407149131,406.5795217317158,5637.852844289479,24394.771303902944,2284.561223058353,9283.909839372827,0.004166666666666669,0.004166666666666665,0.016666666666666666,0.01666666666666667,0.004166666666666666,0.01666666666666667,649758.3606666999,60598.91026084077,0.0003903595358662417,0.004166666666666667,0.0018999900328152772,0.0068999231835269095,0.0041666666666666675,0.009166666666666665,178863.627752079,14288.63065491026,69332.0691821597,5382.905929145925,0.0003329972545938201,0.004166666666666667,0.0015090229052257928,0.016666666666666663,2018-01-01,山东
1263.9115624032524,109.17136653751533,543.1005690321406,6550.281992250921,32586.03414192844,2646.1584836893917,13446.582598810532,0.0041666666666666675,0.0041666666666666675,0.01666666666666667,0.01666666666666667,0.004166666666666666,0.01666666666666667,835047.0134905513,75834.69374419516,0.00037890700895714085,0.004166666666666666,0.0018954944425931084,0.0068956125211024205,0.004166666666666666,0.009166666666666665,103220.80474135127,8115.8035197798,38844.19228042907,2985.96601513639,0.00032765227784672685,0.004166666666666667,0.0014235722807823615,0.01666666666666667,2018-02-01,山东
772.5159514527155,92.69594743194405,290.42890220496304,5561.756845916644,17425.73413229778,2196.7190555327215,7071.774392495072,0.002604166666666667,0.002604166666666667,0.010416666666666668,0.010416666666666668,0.002604166666666666,0.01041666666666667,447029.910333739,46350.957087162926,0.00027019774864909857,0.002604166666666667,0.0012003906961797247,0.004325125845944692,0.002604166666666667,0.005729166666666665,99398.77721227985,7601.928870591311,38827.695782456016,2901.230380610132,0.00019920982247028128,0.002604166666666667,0.0008914184388754286,0.010416666666666664,2018-03-01,山东
489.76863012451145,48.422590041293724,207.1269743787608,2905.355402477624,12427.618462725648,1184.0845628324307,4796.809729368282,0.001822916666666667,0.0018229166666666667,0.007291666666666668,0.007291666666666667,0.0018229166666666663,0.007291666666666668,283865.8230655933,29386.11780747069,0.00018899965405345622,0.0018229166666666663,0.0008402801039769278,0.003027602133311611,0.0018229166666666663,0.004010416666666666,67163.8996654629,5783.942998836099,26620.910842853053,2251.8978324482086,0.00015703016792374994,0.0018229166666666663,0.0006965027510652959,0.007291666666666668,2018-04-01,山东
285.81841739836,93.96421407149131,406.5795217317158,5637.852844289479,24394.771303902944,2284.561223058353,9283.909839372827,0.004166666666666669,0.004166666666666664,0.016666666666666666,0.01666666666666667,0.004166666666666666,0.01666666666666667,649758.3606666999,17149.1050439016,0.00011056515923365274,0.004166666666666666,0.0017330663242881902,0.006733068050012673,0.004166666666666667,0.00916666666666667,178863.627752079,5196.108810802808,69332.0691821597,1960.5003782330825,0.00012097838098821853,0.004166666666666666,0.0004608569964221176,0.01666666666666667,2018-01-01,山西
366.5597724607619,109.17136653751533,543.1005690321406,6550.281992250921,32586.03414192844,2646.1584836893917,13446.582598810532,0.0041666666666666675,0.0041666666666666675,0.01666666666666667,0.01666666666666667,0.004166666666666666,0.01666666666666667,835047.0134905513,21993.586347645713,0.00011065171197037982,0.004166666666666666,0.0017328149530377,0.006732808672170116,0.004166666666666667,0.009166666666666667,103220.80474135127,2981.3913195893947,38844.19228042907,1113.3696578059955,0.0001202656900200228,0.0041666666666666675,0.0004363934536886758,0.01666666666666667,2018-02-01,山西
183.02079762990968,92.69594743194405,290.42890220496304,5561.756845916644,17425.73413229778,2196.7190555327215,7071.774392495072,0.0026041666666666674,0.002604166666666667,0.010416666666666668,0.010416666666666668,0.0026041666666666665,0.010416666666666673,447029.910333739,10981.24785779458,6.452005360082743e-05,0.0026041666666666665,0.0010803842551869369,0.004205384411420781,0.002604166666666667,0.005729166666666667,99398.77721227985,2846.396797885851,38827.695782456016,1113.1322663142619,7.451866479994954e-05,0.0026041666666666665,0.00027016538115127883,0.010416666666666668,2018-03-01,山西
108.47596811977334,48.422590041293724,207.1269743787608,2905.355402477624,12427.618462725648,1184.0845628324307,4796.809729368282,0.0018229166666666671,0.0018229166666666667,0.007291666666666668,0.007291666666666668,0.0018229166666666663,0.007291666666666668,283865.8230655933,6508.558087186401,4.2209573415350015e-05,0.0018229166666666663,0.0007545958019160505,0.0029420984712828385,0.0018229166666666663,0.004010416666666667,67163.8996654629,2012.437356489288,26620.910842853053,796.3278173798326,5.4567794937041155e-05,0.0018229166666666663,0.00019840779436001868,0.007291666666666668,2018-04-01,山西
255.07762328333007,93.96421407149131,406.5795217317158,5637.852844289479,24394.771303902944,2284.561223058353,9283.909839372827,0.004166666666666669,0.004166666666666664,0.01666666666666667,0.016666666666666673,0.004166666666666666,0.01666666666666667,649758.3606666999,15304.657396999803,9.828065429731273e-05,0.0041666666666666675,0.0017249668643485358,0.006724953510438938,0.0041666666666666675,0.00916666666666667,178863.627752079,5252.9641786081975,69332.0691821597,1911.0374523368716,0.00012231333743466417,0.004166666666666666,0.00048335191955737765,0.016666666666666663,2018-01-01,广西
300.1601290246027,109.17136653751533,543.1005690321406,6550.281992250921,32586.03414192844,2646.1584836893917,13446.582598810532,0.0041666666666666675,0.0041666666666666675,0.01666666666666667,0.01666666666666667,0.004166666666666666,0.01666666666666667,835047.0134905513,18009.60774147616,9.039275174639377e-05,0.0041666666666666675,0.0017205372737180476,0.006720530009160595,0.004166666666666667,0.009166666666666668,103220.80474135127,2690.6643011908136,38844.19228042907,964.9075272526761,0.00010854901309587694,0.004166666666666667,0.00041433533252162774,0.01666666666666666,2018-02-01,广西
193.18663922307329,92.69594743194405,290.42890220496304,5561.756845916644,17425.73413229778,2196.7190555327215,7071.774392495072,0.0026041666666666674,0.002604166666666667,0.010416666666666668,0.010416666666666668,0.002604166666666666,0.010416666666666673,447029.910333739,11591.1983533844,6.79550037152208e-05,0.002604166666666666,0.0010813883323421644,0.0042063671635573325,0.002604166666666667,0.005729166666666671,99398.77721227985,2665.5499347942264,38827.695782456016,1018.8721394194912,6.981089666263106e-05,0.002604166666666667,0.0002790875222266373,0.010416666666666664,2018-03-01,广西
115.13415614007414,48.422590041293724,207.1269743787608,2905.355402477624,12427.618462725648,1184.0845628324307,4796.809729368282,0.0018229166666666671,0.0018229166666666667,0.007291666666666668,0.007291666666666668,0.0018229166666666663,0.007291666666666668,283865.8230655933,6908.049368404448,4.468139381694727e-05,0.001822916666666667,0.0007554493583997386,0.0029429387967213837,0.001822916666666667,0.004010416666666667,67163.8996654629,1450.173874609151,26620.910842853053,570.8732024220886,3.934295084678127e-05,0.0018229166666666667,0.00016009283772315666,0.007291666666666665,2018-04-01,广西
1071.9234602011431,93.96421407149131,406.5795217317158,5637.852844289479,24394.771303902944,2284.561223058353,9283.909839372827,0.004166666666666669,0.004166666666666664,0.016666666666666666,0.016666666666666673,0.004166666666666666,0.01666666666666667,649758.3606666999,64315.40761206859,0.0004128542858330863,0.004166666666666667,0.0019117650820246069,0.0069114173050431925,0.004166666666666666,0.009166666666666667,178863.627752079,16653.869827397175,69332.0691821597,6665.240339307041,0.000387658655868252,0.0041666666666666675,0.0013076158893954167,0.01666666666666666,2018-01-01,广东
1504.0650880199885,109.17136653751533,543.1005690321406,6550.281992250921,32586.03414192844,2646.1584836893917,13446.582598810532,0.0041666666666666675,0.0041666666666666675,0.01666666666666667,0.016666666666666673,0.004166666666666666,0.01666666666666667,835047.0134905513,90243.90528119932,0.00045176538048204195,0.0041666666666666675,0.0019403468344800943,0.006940675031827656,0.0041666666666666675,0.009166666666666667,103220.80474135127,9263.54368288095,38844.19228042907,3661.7341038796358,0.00037373196989359396,0.0041666666666666675,0.001243312735201401,0.01666666666666667,2018-02-01,广东
698.775216663806,92.69594743194405,290.42890220496304,5561.756845916644,17425.73413229778,2196.7190555327215,7071.774392495072,0.0026041666666666674,0.002604166666666667,0.010416666666666668,0.010416666666666668,0.002604166666666666,0.010416666666666673,447029.910333739,41926.51299982836,0.00024505226731449573,0.0026041666666666665,0.001186883287377193,0.004311646939342991,0.002604166666666667,0.005729166666666668,99398.77721227985,12058.596028536434,38827.695782456016,4877.063420443598,0.0003157657998507826,0.0026041666666666683,0.001057695681926306,0.01041666666666666,2018-03-01,广东
441.7312919581699,48.422590041293724,207.1269743787608,2905.355402477624,12427.618462725648,1184.0845628324307,4796.809729368282,0.0018229166666666671,0.0018229166666666667,0.007291666666666668,0.007291666666666668,0.0018229166666666663,0.007291666666666668,283865.8230655933,26503.87751749019,0.00017079899821149182,0.0018229166666666667,0.0008303610957823891,0.003017694149086294,0.001822916666666667,0.004010416666666667,67163.8996654629,7502.042685661631,26620.910842853053,3063.457341069925,0.00020348812564832572,0.0018229166666666667,0.0006782827709948401,0.007291666666666668,2018-04-01,广东
