id,ad_ry_mean,md_ry_mean,bt_ry_mean
1,273,280,284
2,254,282,283
3,176,180,176
4,262,280,273
5,395,420,411
6,209,231,218
7,526,510,503
8,236,240,244
9,1754,1613,1732
10,315,326,320
11,718,722,734
12,169,177,168
13,348,371,350
14,343,356,340
15,628,620,615
16,365,386,371
17,289,318,306
18,264,287,279
19,513,554,551
20,132,141,125
21,263,284,282
22,230,230,231
23,451,440,467
24,433,439,449
25,284,297,289
26,335,348,342
27,836,907,862
28,469,493,472
29,1254,1367,1398
30,467,468,470
31,4427,4570,4438
32,890,889,921
33,1701,1863,1847
34,503,522,545
35,1063,1107,1073
36,1000,1077,1043
37,1484,1557,1547
38,799,826,799
39,704,761,767
40,1087,1068,1157
41,1215,1218,1306
42,282,289,278
43,470,468,464
44,669,664,668
45,158,180,157
46,269,284,286
47,229,230,234
48,331,368,343
49,418,427,410
50,180,197,161
51,501,496,446
52,175,175,154
53,1304,1214,1260
54,185,198,190
55,521,524,481
56,173,184,167
57,397,399,384
58,403,394,383
59,515,518,471
60,267,301,290
61,282,309,292
62,141,144,130
63,423,421,395
64,168,174,157
65,261,271,272
66,180,189,183
67,174,185,184
68,263,289,285
69,161,177,171
70,131,151,145
71,493,489,510
72,277,310,301
73,573,570,583
74,184,217,199
75,2822,2902,2747
76,345,374,358
77,999,994,1027
78,310,358,348
79,501,522,518
80,636,641,648
81,1091,1120,1126
82,472,534,522
83,528,588,594
84,551,622,591
85,421,487,500
86,156,169,158
87,237,272,277
88,210,220,200
89,197,199,211
90,1595,1700,1845
91,434,415,437
92,136,130,135
93,1206,1212,1251
94,1138,1164,1265
95,1922,2080,2241
96,1126,1088,1156
97,1637,1549,1681
98,1188,1134,1179
99,1608,1575,1715
100,638,657,660
101,2079,2080,2241
102,1922,2080,2259
103,1314,1240,1262
104,959,962,1035
105,1053,1117,1185
106,425,437,440
107,962,956,984
108,219,222,221
109,1089,1076,1126
110,490,444,463
111,307,296,323
112,389,383,413
113,443,419,469
114,144,144,150
115,898,863,962
116,835,834,925
117,1382,1333,1601
118,465,464,500
119,3160,2669,3191
120,540,520,581
121,1351,1181,1446
122,629,637,662
123,1559,1393,1678
124,1630,1638,1900
125,1041,948,1057
126,865,859,968
127,955,988,1105
128,343,347,360
129,336,347,363
130,416,389,437
131,441,443,457
132,415,395,432
133,831,836,887
134,173,190,182
135,178,215,189
136,858,813,859
137,453,522,477
138,378,477,415
139,1031,1120,993
140,281,375,308
141,1039,1063,1022
142,127,164,135
143,1107,1125,1107
144,202,249,223
145,834,955,810
146,839,929,796
147,1022,1031,993
148,305,356,317
149,280,340,307
150,241,287,268
151,361,423,382
152,181,189,174
153,378,459,405
154,225,283,235
155,192,196,205
156,71,80,74
157,44,47,41
158,52,62,53
159,246,230,249
160,240,257,260
161,238,227,236
162,46,51,43
163,326,286,329
164,77,78,70
165,459,410,452
166,120,133,135
167,173,169,181
168,226,210,225
169,352,312,362
170,167,184,194
171,166,182,193
172,101,104,103
173,55,65,59
174,66,69,59
175,93,109,110
176,39,38,34
177,626,622,619
178,312,305,331
179,314,311,328
180,352,366,350
181,931,922,941
182,764,810,824
183,1130,1004,1100
184,374,354,386
185,901,848,884
186,291,271,299
187,1176,1073,1178
188,749,737,793
189,757,686,746
190,1065,955,1037
191,920,894,969
192,928,981,1009
193,901,974,985
194,393,388,399
195,346,356,371
196,318,314,316
197,371,370,375
198,188,201,202
199,753,733,719
200,393,411,418
201,417,433,427
202,133,139,137
203,1277,1383,1339
204,1153,1251,1246
205,1998,2463,2286
206,598,654,594
207,1752,1697,1690
208,654,686,625
209,2264,2478,2308
210,1028,1091,1045
211,1436,1503,1476
212,1618,1890,1849
213,1578,1677,1587
214,995,1032,1057
215,1115,1232,1211
216,828,804,764
217,559,591,557
218,411,408,426
219,691,717,681
220,277,272,265
221,138,153,146
222,287,316,326
223,227,224,231
224,378,377,387
225,844,907,923
226,576,644,648
227,1198,1217,1270
228,410,466,449
229,1093,1065,1129
230,456,480,470
231,898,857,892
232,524,598,576
233,930,921,955
234,1275,1281,1340
235,1230,1263,1285
236,764,893,875
237,724,849,858
238,546,600,594
239,187,225,218
240,379,386,387
241,686,797,784
242,141,158,144
243,69,78,74
244,302,342,345
245,253,289,273
246,72,91,85
247,678,743,728
248,385,440,430
249,911,911,959
250,519,586,588
251,824,845,835
252,325,335,330
253,502,503,518
254,326,370,366
255,989,991,1043
256,977,986,1030
257,568,572,590
258,397,456,433
259,466,532,519
260,265,314,296
261,267,312,302
262,268,292,273
263,512,597,595
264,189,205,199
265,118,100,118
266,481,512,519
267,394,391,418
268,98,81,102
269,845,932,1045
270,600,751,818
271,1066,1117,1312
272,494,544,530
273,735,760,856
274,406,406,428
275,793,841,948
276,478,513,520
277,1018,1049,1212
278,996,1049,1222
279,710,815,887
280,620,711,705
281,502,622,657
282,343,360,376
283,320,352,361
284,319,313,320
285,497,543,546
286,455,439,453
287,302,291,316
288,704,669,721
289,612,561,597
290,255,260,251
291,1284,1361,1444
292,1000,1048,1243
293,1902,2221,2415
294,642,606,664
295,1429,1441,1615
296,549,496,562
297,1627,1726,1867
298,806,740,807
299,1546,1679,1831
300,1902,2235,2458
301,1245,1309,1369
302,1048,982,1156
303,1100,1222,1298
304,583,509,556
305,811,751,803
306,557,521,535
307,658,606,655
308,589,529,551
309,525,574,520
310,390,415,412
311,412,431,407
312,563,614,551
313,703,709,736
314,658,737,716
315,1129,1111,1157
316,557,623,601
317,566,549,554
318,187,192,186
319,1183,1184,1256
320,322,354,351
321,1144,1136,1188
322,904,909,918
323,731,722,746
324,349,405,382
325,460,485,478
326,221,247,241
327,206,231,223
328,367,378,371
329,423,469,448
330,123,125,114
331,82,81,83
332,942,893,1014
333,676,705,695
334,232,255,216
335,1565,1600,1712
336,403,414,404
337,2043,2232,2381
338,918,899,945
339,1601,1426,1523
340,381,359,359
341,733,675,748
342,337,334,326
343,2288,2250,2404
344,1320,1357,1497
345,676,665,686
346,416,448,415
347,940,935,1012
348,473,468,483
349,972,922,1015
350,218,232,209
351,542,536,571
352,1070,1026,1103
353,970,1007,1033
354,870,899,952
355,482,468,474
356,264,278,262
357,1469,1658,1529
358,1398,1528,1494
359,2052,2534,2380
360,1027,1093,1100
361,1282,1334,1348
362,465,465,489
363,2294,2550,2392
364,932,1006,1050
365,2251,2550,2392
366,2347,2924,2777
367,1276,1385,1311
368,912,941,975
369,1149,1296,1281
370,799,773,799
371,503,502,522
372,718,723,699
373,846,850,895
374,315,324,326
375,268,283,278
376,448,467,494
377,462,469,485
378,123,135,123
379,936,919,939
380,587,631,650
381,1781,1798,2016
382,854,855,881
383,597,566,620
384,163,158,152
385,919,895,923
386,288,312,319
387,1753,1715,1885
388,1203,1132,1280
389,577,561,593
390,257,281,266
391,383,421,408
392,313,314,322
393,623,625,648
394,217,238,227
395,552,556,582
396,569,551,555
397,251,268,277
398,350,382,373
399,425,458,432
400,664,695,647
401,922,901,934
402,592,634,618
403,1442,1386,1477
404,435,478,452
405,978,932,921
406,220,243,239
407,1053,1015,1012
408,291,324,329
409,1366,1279,1384
410,1243,1160,1244
411,789,813,817
412,547,591,564
413,445,485,483
414,542,573,552
415,670,732,690
416,318,339,325
417,467,502,490
418,692,720,661
419,379,352,380
420,257,251,286
421,133,116,128
422,185,197,204
423,616,514,603
424,482,426,493
425,805,670,778
426,125,110,124
427,690,581,629
428,153,134,162
429,873,783,861
430,307,273,341
431,523,401,498
432,509,392,486
433,930,820,920
434,371,346,409
435,469,421,513
436,250,222,264
437,191,183,220
438,185,174,194
439,186,181,215
440,146,134,151
441,402,390,435
442,424,430,467
443,442,431,467
444,344,354,374
445,1504,1521,1574
446,1008,1008,1051
447,1590,1678,1810
448,517,526,547
449,1148,1016,1109
450,342,353,374
451,1770,1729,1876
452,525,520,540
453,2146,2098,2271
454,1959,2098,2271
455,1466,1475,1447
456,775,774,776
457,734,766,787
458,490,469,517
459,731,731,743
460,386,386,411
461,568,569,571
462,518,495,522
463,565,599,558
464,243,248,254
465,249,257,244
466,393,418,409
467,739,705,706
468,541,571,543
469,1410,1424,1463
470,255,270,255
471,729,654,661
472,180,192,184
473,1490,1455,1470
474,300,326,318
475,1299,1196,1238
476,1047,973,1006
477,1175,1169,1202
478,388,433,419
479,391,398,388
480,265,282,287
481,276,299,292
482,157,158,142
483,316,347,333
484,247,247,235
485,43,37,47
486,47,35,50
487,63,50,63
488,42,36,47
489,159,155,156
490,231,252,284
491,448,388,427
492,162,132,154
493,122,101,118
494,49,39,49
495,179,167,182
496,60,43,62
497,362,325,353
498,240,222,221
499,88,72,83
500,130,140,160
501,127,133,150
502,56,43,59
503,115,103,133
504,67,54,69
505,84,73,94
506,85,69,87
507,549,565,572
508,176,197,195
509,111,113,108
510,551,557,552
511,488,512,494
512,305,348,341
513,520,531,501
514,130,130,125
515,1030,1010,992
516,138,145,144
517,1048,1055,1073
518,211,242,242
519,407,425,411
520,334,354,352
521,977,982,979
522,322,343,348
523,285,320,325
524,360,390,376
525,240,268,268
526,189,199,195
527,207,231,234
528,104,106,102
529,239,222,252
530,163,151,181
531,91,89,88
532,214,209,227
533,376,354,369
534,219,195,220
535,326,307,319
536,96,90,93
537,502,447,477
538,88,86,89
539,668,653,669
540,128,123,135
541,271,248,252
542,235,215,222
543,624,609,626
544,240,216,250
545,206,186,216
546,210,188,224
547,122,115,128
548,136,119,133
549,134,130,141
550,78,77,76
551,534,544,571
552,224,260,279
553,120,128,122
554,624,624,661
555,567,606,577
556,263,308,301
557,540,553,546
558,140,155,144
559,963,921,1006
560,138,154,149
561,902,921,954
562,174,211,190
563,312,341,334
564,332,382,372
565,863,877,904
566,378,409,421
567,271,316,318
568,317,352,352
569,252,292,290
570,212,237,241
571,233,264,272
572,112,118,113
573,113,131,129
574,49,56,49
575,32,31,30
576,93,103,94
577,176,191,192
578,82,84,78
579,209,220,217
580,36,37,33
581,191,196,188
582,41,42,39
583,340,339,363
584,51,56,50
585,102,104,99
586,102,104,99
587,350,359,361
588,85,88,81
589,79,83,78
590,57,59,54
591,57,64,57
592,50,51,44
593,61,72,64
594,31,30,28
595,558,549,554
596,258,245,268
597,188,179,192
598,521,528,477
599,697,712,706
600,416,475,445
601,709,724,696
602,191,181,200
603,834,863,869
604,158,166,163
605,1161,1091,1173
606,306,311,311
607,522,557,530
608,490,524,492
609,1239,1122,1225
610,418,432,439
611,386,428,431
612,316,332,330
613,396,414,399
614,242,230,237
615,342,355,362
616,172,167,168
617,284,279,283
618,120,134,126
619,120,126,115
620,224,232,210
621,350,378,377
622,222,245,244
623,396,416,408
624,120,122,119
625,554,553,575
626,98,105,98
627,635,655,666
628,165,186,172
629,279,277,273
630,275,277,269
631,783,772,795
632,286,287,295
633,226,241,240
634,196,204,206
635,168,175,172
636,115,126,110
637,154,161,166
638,94,93,92
639,436,497,470
640,230,255,260
641,174,174,179
642,562,635,603
643,736,728,752
644,332,352,359
645,691,671,726
646,153,151,153
647,1111,1064,1115
648,165,169,177
649,1027,1056,1097
650,241,270,285
651,512,488,501
652,415,405,415
653,1040,1039,1095
654,386,412,425
655,385,390,414
656,250,286,294
657,330,360,368
658,206,222,211
659,240,270,281
660,124,128,122
661,451,451,458
662,214,236,264
663,76,82,77
664,455,482,480
665,596,615,596
666,364,405,403
667,574,554,536
668,87,94,90
669,1141,1055,1121
670,159,171,185
671,992,972,1010
672,200,213,226
673,453,460,460
674,439,435,439
675,1126,1058,1156
676,303,331,342
677,365,396,402
678,338,370,366
679,200,216,227
680,196,211,217
681,201,223,228
682,65,70,66
683,220,240,233
684,482,455,519
685,192,193,208
686,115,124,121
687,445,454,511
688,763,779,800
689,1416,1381,1660
690,441,414,450
691,2605,2206,2483
692,1034,990,1093
693,1187,1051,1221
694,394,395,419
695,1090,961,1083
696,1727,1673,2007
697,770,735,730
698,486,521,542
699,624,639,676
700,330,324,336
701,414,409,432
702,167,168,167
703,491,494,519
704,408,372,424
705,360,333,360
706,170,166,170
707,205,178,202
708,92,89,98
709,471,420,474
710,255,235,258
711,797,626,733
712,179,166,170
713,278,248,263
714,109,92,105
715,833,678,777
716,205,191,203
717,545,441,519
718,431,357,417
719,477,440,472
720,190,195,201
721,291,281,321
722,175,178,186
723,104,102,114
724,115,103,107
725,338,332,375
726,99,85,98
727,243,280,298
728,132,143,153
729,64,63,62
730,134,166,159
731,270,288,311
732,167,179,191
733,326,332,354
734,77,75,83
735,140,142,135
736,47,50,48
737,392,372,411
738,87,87,98
739,236,230,258
740,233,228,258
741,327,324,329
742,103,106,114
743,143,158,164
744,77,80,80
745,59,64,66
746,85,81,81
747,142,165,167
748,45,48,46
749,286,278,298
750,95,98,91
751,106,129,119
752,422,453,443
753,483,510,493
754,274,315,299
755,706,701,643
756,166,179,190
757,1395,1410,1411
758,227,254,256
759,775,768,732
760,279,305,298
761,511,531,512
762,412,436,415
763,737,733,689
764,464,506,485
765,413,462,465
766,435,482,437
767,286,319,306
768,293,327,311
769,204,224,229
770,379,420,415
771,226,236,219
772,270,297,279
773,431,438,417
774,484,491,477
775,722,737,701
776,290,299,270
777,770,776,746
778,285,309,290
779,1457,1285,1358
780,283,301,276
781,648,651,643
782,302,323,322
783,845,844,781
784,679,653,642
785,636,642,639
786,905,928,896
787,524,564,553
788,314,341,333
789,539,588,577
790,368,369,345
791,433,456,456
792,326,337,302
793,97,93,100
794,104,94,115
795,99,93,102
796,55,55,55
797,217,217,227
798,128,129,142
799,230,226,228
800,101,87,98
801,421,392,443
802,93,92,104
803,334,296,369
804,135,129,162
805,207,205,222
806,260,240,270
807,361,315,381
808,158,163,196
809,179,186,213
810,137,113,150
811,118,103,131
812,110,90,108
813,117,107,122
814,74,66,73
815,344,349,366
816,321,350,335
817,315,316,316
818,293,314,320
819,950,1001,966
820,589,624,640
821,1686,2031,2075
822,800,816,842
823,4534,4254,4394
824,1317,1467,1498
825,1707,1893,1905
826,880,917,953
827,1482,1633,1651
828,1347,1628,1641
829,1231,1319,1333
830,802,873,861
831,1122,1322,1321
832,881,858,951
833,1161,1271,1301
834,359,366,362
835,382,402,399
836,588,592,596
837,262,255,234
838,393,378,377
839,344,337,312
840,327,337,291
841,451,467,463
842,387,439,431
843,836,845,839
844,452,431,395
845,1663,1606,1600
846,294,288,264
847,719,724,738
848,344,349,340
849,714,714,706
850,879,882,883
851,647,668,678
852,888,881,844
853,528,550,568
854,464,452,437
855,575,579,569
856,258,255,225
857,373,375,351
858,458,420,403
859,203,207,216
860,312,327,320
861,250,264,256
862,155,157,155
863,432,431,444
864,414,427,416
865,731,737,738
866,267,289,275
867,1546,1600,1619
868,290,296,289
869,857,880,889
870,268,298,292
871,646,628,637
872,690,661,681
873,770,770,785
874,557,592,570
875,384,406,411
876,353,381,377
877,346,376,386
878,179,187,167
879,248,276,265
880,263,268,253
881,135,139,149
882,25,23,26
883,26,21,26
884,213,217,229
885,30,34,35
886,47,44,46
887,247,258,279
888,79,75,83
889,644,652,651
890,25,20,25
891,323,336,351
892,32,30,34
893,243,249,269
894,140,150,153
895,327,334,332
896,53,47,52
897,38,38,37
898,53,46,53
899,87,92,98
900,25,21,25
901,27,29,30
902,49,40,49
903,199,215,209
904,266,287,288
905,178,171,183
906,140,157,151
907,551,507,579
908,284,282,306
909,625,582,657
910,270,248,285
911,2345,2374,2467
912,271,258,293
913,625,632,679
914,265,284,308
915,593,526,626
916,490,451,545
917,731,767,769
918,524,519,554
919,407,404,486
920,437,440,496
921,325,360,402
922,182,192,188
923,221,233,245
924,185,185,187
925,287,300,303
926,134,156,145
927,180,180,179
928,336,345,339
929,426,427,448
930,307,311,340
931,716,681,756
932,325,306,354
933,1764,1655,1789
934,144,146,154
935,754,792,799
936,201,220,220
937,743,686,748
938,485,449,491
939,995,1011,1056
940,384,404,428
941,374,373,414
942,271,291,321
943,533,585,623
944,149,164,150
945,197,227,223
946,278,264,291
947,201,232,226
948,58,57,60
949,69,67,66
950,342,368,376
951,321,330,357
952,136,146,140
953,292,282,311
954,61,59,59
955,378,347,375
956,65,66,61
957,281,264,290
958,88,94,98
959,211,207,211
960,163,161,157
961,145,148,135
962,153,158,149
963,187,199,195
964,96,101,93
965,132,128,138
966,124,113,111
967,166,192,183
968,69,68,67
969,75,68,89
970,64,49,66
971,57,43,57
972,23,21,26
973,135,119,138
974,208,207,215
975,350,304,338
976,66,54,68
977,333,280,376
978,39,29,43
979,365,309,381
980,144,133,171
981,239,229,234
982,320,292,329
983,382,315,389
984,134,126,150
985,162,155,185
986,92,81,105
987,55,45,61
988,43,30,46
989,76,69,86
990,40,28,38
991,69,80,86
992,33,34,36
993,29,24,27
994,42,44,47
995,64,62,64
996,76,80,86
997,250,234,228
998,19,17,19
999,31,29,28
1000,19,17,17
1001,125,113,122
1002,45,42,49
1003,147,144,135
1004,92,88,93
1005,134,130,125
1006,72,77,84
1007,113,123,125
1008,26,25,26
1009,33,35,40
1010,20,17,18
1011,45,48,56
1012,19,17,17
1013,237,264,244
1014,102,126,121
1015,79,76,84
1016,115,146,128
1017,513,455,533
1018,459,466,507
1019,653,597,662
1020,117,116,127
1021,866,813,850
1022,114,118,122
1023,1167,1112,1246
1024,307,328,363
1025,429,395,432
1026,983,865,1003
1027,987,951,1005
1028,322,360,370
1029,336,354,385
1030,249,271,289
1031,136,163,149
1032,218,223,223
1033,196,227,226
1034,80,77,82
1035,23,26,27
1036,97,101,138
1037,157,119,165
1038,25,25,29
1039,208,200,230
1040,142,136,182
1041,439,375,460
1042,229,183,241
1043,181,155,193
1044,125,97,145
1045,159,139,168
1046,92,93,126
1047,583,519,608
1048,365,311,396
1049,242,225,258
1050,84,72,95
1051,121,109,144
1052,106,92,126
1053,187,180,240
1054,35,30,46
1055,106,108,143
1056,160,133,175
1057,235,270,245
1058,184,201,196
1059,187,179,179
1060,182,204,177
1061,398,400,440
1062,470,466,518
1063,664,574,619
1064,193,182,191
1065,542,507,525
1066,133,126,127
1067,772,735,719
1068,309,323,357
1069,636,540,611
1070,814,680,746
1071,866,819,808
1072,333,362,386
1073,325,355,396
1074,216,245,231
1075,172,188,189
1076,162,169,150
1077,223,242,235
1078,114,108,115
1079,129,128,146
1080,130,120,154
1081,46,42,47
1082,55,57,57
1083,322,272,344
1084,209,186,204
1085,373,332,388
1086,64,61,64
1087,351,296,363
1088,91,90,98
1089,505,410,491
1090,165,153,174
1091,329,275,343
1092,369,295,366
1093,372,316,372
1094,154,152,165
1095,198,184,201
1096,160,136,173
1097,62,55,61
1098,118,94,109
1099,151,140,157
1100,45,40,43
1123,287,314,304
1124,197,216,220
1125,51,54,52
1126,90,104,92
1127,502,502,524
1128,414,475,458
1129,429,426,421
1130,63,63,60
1131,1004,952,977
1132,168,183,182
1133,1003,939,985
1134,234,254,240
1135,394,403,398
1136,548,539,546
1137,790,789,794
1138,337,368,354
1139,314,376,354
1140,344,349,343
1141,99,116,105
1142,262,267,253
1143,196,201,202
1144,49,53,47
1145,274,261,281
1146,255,243,270
1147,196,180,201
1148,328,326,328
1149,488,501,543
1150,218,229,234
1151,548,517,558
1152,150,146,153
1153,846,806,824
1154,171,163,169
1155,516,473,495
1156,176,168,180
1157,478,436,469
1158,437,409,445
1159,362,347,371
1160,287,286,307
1161,324,343,354
1162,170,167,170
1163,235,225,236
1164,268,252,264
1165,224,215,240
1166,233,211,226
1167,201,237,226
1168,185,213,213
1169,143,155,147
1170,90,97,93
1171,411,465,460
1172,596,652,712
1173,675,664,729
1174,231,248,259
1175,576,617,634
1176,227,228,236
1177,647,674,704
1178,254,299,304
1179,463,491,519
1180,891,837,947
1181,444,507,485
1182,269,341,320
1183,354,430,441
1184,288,334,342
1185,146,171,159
1186,216,245,218
1187,309,364,362
1188,106,101,99
1189,34,29,37
1190,62,52,61
1191,91,74,87
1192,33,29,38
1193,104,96,104
1194,104,101,118
1195,261,247,257
1196,68,59,71
1197,55,47,54
1198,23,19,22
1199,94,86,92
1200,81,69,84
1201,174,160,172
1202,227,225,216
1203,70,59,68
1204,102,99,117
1205,242,269,279
1206,25,22,25
1207,51,47,58
1208,67,57,65
1209,153,153,169
1210,56,49,56
1211,124,115,123
1212,238,234,261
1213,254,239,267
1214,110,116,120
1215,706,703,755
1216,274,290,307
1217,558,493,545
1218,381,350,417
1219,443,417,443
1220,188,171,177
1221,458,426,447
1222,221,232,244
1223,799,701,788
1224,596,531,599
1225,359,363,364
1226,247,267,273
1227,363,386,414
1228,155,161,169
1229,165,174,186
1230,327,327,349
1231,384,395,434
1232,124,124,129
1233,299,310,318
1234,484,480,517
1235,480,458,475
1236,231,248,224
1237,945,1099,1031
1238,456,541,562
1239,738,810,814
1240,445,447,467
1241,841,913,929
1242,291,266,279
1243,927,1052,1051
1244,312,333,314
1245,868,941,935
1246,891,993,1013
1247,888,1069,1035
1248,400,465,464
1249,655,793,741
1250,371,385,376
1251,275,272,270
1252,780,779,762
1253,628,652,591
1254,245,244,231
1255,29,28,31
1256,459,385,532
1257,62,57,62
1258,64,59,64
1259,409,332,467
1260,172,159,183
1261,295,240,314
1262,79,73,83
1263,425,315,429
1264,35,37,40
1265,468,350,455
1266,86,80,99
1267,445,317,443
1268,694,524,703
1269,245,203,251
1270,268,265,310
1271,189,171,197
1272,82,75,90
1273,129,103,133
1274,319,248,345
1275,129,109,137
1276,36,34,36
1277,83,82,84
1278,92,80,113
1279,65,57,67
1280,82,87,86
1281,362,338,393
1282,105,109,125
1283,281,258,279
1284,101,83,112
1285,230,216,230
1286,82,72,93
1287,300,282,298
1288,91,76,96
1289,369,309,370
1290,328,295,337
1291,227,219,232
1292,68,68,74
1293,176,196,211
1294,87,72,100
1295,27,24,28
1296,240,190,259
1297,207,202,217
1298,23,20,21
1299,221,212,239
1300,69,71,81
1301,80,73,84
1302,52,49,52
1303,259,235,266
1304,309,286,329
1305,391,329,383
1306,129,124,134
1307,353,283,362
1308,114,115,131
1309,605,465,600
1310,217,196,239
1311,320,276,320
1312,645,502,636
1313,378,297,371
1314,233,215,239
1315,265,256,298
1316,109,97,118
1317,70,67,70
1318,68,61,62
1319,193,180,186
1320,28,23,27
1321,85,99,99
1322,83,92,88
1323,67,65,62
1324,61,73,66
1325,271,267,274
1326,125,146,132
1327,192,204,191
1328,44,48,45
1329,404,401,396
1330,105,116,112
1331,323,329,335
1332,75,81,84
1333,130,133,128
1334,140,149,138
1335,299,288,285
1336,156,166,155
1337,253,263,264
1338,93,94,91
1339,92,101,104
1340,96,97,92
1341,172,197,196
1342,62,61,57
1343,199,198,196
1344,200,211,208
1345,117,120,111
1346,172,169,171
1347,253,251,244
1348,127,133,125
1349,337,317,295
1350,131,138,122
1351,1518,1347,1469
1352,207,212,203
1353,583,538,543
1354,123,127,117
1355,255,260,249
1356,241,245,232
1357,547,489,492
1358,198,187,181
1359,194,196,189
1360,204,213,210
1361,364,368,355
1362,101,104,97
1363,194,208,205
1364,170,173,166
1365,302,281,293
1366,317,310,306
1367,255,255,251
1368,197,210,209
1369,478,535,522
1370,344,358,338
1371,863,1025,927
1372,342,334,331
1373,3744,4051,3855
1374,556,523,553
1375,1292,1447,1354
1376,336,329,327
1377,845,902,826
1378,690,783,726
1379,1134,1172,1124
1380,456,484,475
1381,457,511,515
1382,760,736,769
1383,997,964,976
1384,196,201,203
1385,357,348,345
1386,467,443,479
1387,105,108,105
1388,205,219,214
1389,150,157,151
1390,256,289,268
1391,237,238,233
1392,112,123,115
1393,299,294,286
1394,120,118,117
1395,911,857,925
1396,139,145,133
1397,342,334,333
1398,115,117,113
1399,271,276,268
1400,267,268,260
1401,363,371,363
1402,169,181,163
1403,194,194,192
1404,107,106,104
1405,323,339,320
1406,108,110,108
1407,165,176,172
1408,154,162,157
1409,125,124,128
1410,178,190,177
1411,144,143,145
1412,108,113,115
1413,246,264,255
1414,205,231,226
1415,419,431,420
1416,126,135,131
1417,2299,2363,2341
1418,261,277,252
1419,701,729,716
1420,238,254,234
1421,426,433,418
1422,464,458,459
1423,764,752,774
1424,383,433,431
1425,319,375,366
1426,323,358,354
1427,305,349,330
1428,118,118,116
1429,185,205,200
1430,177,185,166
1431,160,159,166
1432,1932,1762,2071
1433,386,352,351
1434,113,112,121
1435,996,985,979
1436,991,903,971
1437,1739,1998,2075
1438,1060,908,995
1439,1385,1394,1311
1440,1009,884,945
1441,1478,1576,1491
1442,610,564,567
1443,2423,2466,2602
1444,1739,2011,2102
1445,1011,1054,980
1446,815,763,834
1447,868,877,891
1448,385,336,358
1449,651,625,641
1450,196,193,185
1451,920,811,880
1452,449,395,404
1453,192,183,200
1454,332,300,322
1455,346,309,335
1456,112,102,113
1457,620,565,640
1458,668,609,715
1459,1270,1161,1351
1460,386,361,390
1461,2838,2313,2689
1462,372,334,351
1463,1325,1133,1263
1464,491,455,480
1465,1540,1317,1521
1466,1402,1355,1568
1467,846,723,822
1468,638,611,708
1469,750,757,860
1470,272,258,273
1471,280,257,285
1472,292,249,275
1473,351,334,353
1474,297,253,278
1475,600,573,595
1476,167,193,180
1477,122,146,127
1478,650,591,627
1479,242,281,264
1480,227,267,248
1481,809,886,754
1482,158,196,169
1483,837,786,768
1484,94,120,104
1485,895,912,826
1486,158,182,164
1487,561,594,526
1488,639,703,602
1489,705,692,678
1490,202,211,196
1491,172,201,183
1492,165,188,175
1493,206,253,234
1494,115,129,121
1495,213,261,242
1496,142,173,155
1497,122,125,118
1498,50,55,53
1499,38,40,36
1500,44,52,50
1501,155,140,160
1502,151,161,153
1503,159,144,154
1504,43,48,40
1505,246,212,224
1506,56,57,58
1507,378,319,369
1508,72,77,75
1509,125,107,125
1510,154,138,150
1511,315,268,312
1512,109,125,114
1513,88,94,96
1514,72,79,76
1515,45,49,47
1516,52,54,50
1517,69,74,80
1518,25,24,22
1519,468,456,466
1520,238,232,241
1521,256,250,256
1522,248,243,233
1523,543,555,557
1524,537,520,559
1525,655,650,683
1526,308,279,306
1527,644,640,666
1528,235,219,225
1529,786,773,803
1530,539,477,548
1531,541,512,528
1532,663,652,685
1533,658,629,671
1534,575,557,601
1535,581,588,609
1536,301,279,306
1537,224,218,227
1538,218,213,211
1539,268,260,272
1540,144,148,155
1541,321,305,314
1542,229,224,226
1543,218,218,217
1544,67,69,70
1545,884,891,845
1546,809,814,813
1547,1429,1616,1479
1548,378,392,365
1549,1307,1311,1233
1550,327,323,308
1551,2055,2165,2007
1552,657,607,601
1553,1149,1162,1064
1554,1205,1354,1267
1555,1303,1298,1235
1556,614,627,642
1557,686,732,719
1558,577,567,566
1559,290,286,276
1560,238,233,221
1561,335,351,333
1562,165,172,161
1563,110,108,112
1564,269,268,261
1565,179,186,179
1566,172,172,174
1567,604,640,686
1568,403,472,471
1569,882,911,980
1570,355,411,366
1571,749,761,809
1572,348,371,344
1573,660,684,727
1574,428,459,431
1575,764,759,798
1576,914,927,1025
1577,1076,981,1100
1578,360,423,421
1579,456,558,563
1580,439,473,458
1581,165,179,181
1582,292,285,277
1583,528,554,552
1584,102,98,97
1585,53,52,51
1586,245,232,234
1587,197,201,187
1588,55,59,56
1589,487,508,501
1590,311,306,329
1591,712,688,704
1592,357,354,369
1593,590,554,572
1594,244,226,222
1595,486,447,474
1596,251,242,242
1597,738,689,710
1598,696,673,692
1599,452,416,439
1600,268,273,279
1601,338,381,379
1602,173,184,174
1603,198,208,204
1604,198,196,181
1605,349,358,375
1606,165,170,164
1607,98,81,93
1608,418,408,379
1609,318,296,296
1610,63,51,58
1611,577,572,646
1612,452,497,582
1613,709,759,822
1614,395,378,370
1615,545,549,581
1616,280,264,264
1617,603,639,714
1618,400,363,354
1619,727,759,826
1620,661,726,794
1621,574,584,642
1622,400,415,429
1623,364,423,423
1624,246,232,237
1625,210,216,215
1626,212,200,201
1627,402,374,372
1628,306,293,293
1629,188,171,196
1630,748,642,743
1631,491,423,475
1632,176,165,186
1633,951,1005,1042
1634,766,798,921
1635,1251,1499,1598
1636,504,438,517
1637,1096,1168,1256
1638,390,317,370
1639,1323,1431,1525
1640,588,483,558
1641,1138,1215,1310
1642,1271,1544,1702
1643,973,1022,1105
1644,692,670,776
1645,756,839,896
1646,441,384,418
1647,512,461,521
1648,428,358,402
1649,559,475,549
1650,445,367,411
1651,310,323,302
1652,231,235,219
1653,319,315,296
1654,402,402,384
1655,418,418,428
1656,430,467,482
1657,734,760,751
1658,388,387,364
1659,348,350,340
1660,110,109,99
1661,807,821,799
1662,210,215,197
1663,811,820,810
1664,704,718,700
1665,506,472,481
1666,200,223,212
1667,277,302,295
1668,176,181,169
1669,135,142,133
1670,197,205,184
1671,314,318,301
1672,103,104,93
1673,58,55,60
1674,716,668,717
1675,555,534,558
1676,170,164,171
1677,1273,1183,1366
1678,300,298,319
1679,1916,1873,2168
1680,760,682,743
1681,1356,1139,1301
1682,223,206,223
1683,737,636,720
1684,272,246,266
1685,2118,1888,2213
1686,1210,1127,1324
1687,503,465,519
1688,325,332,359
1689,635,652,730
1690,342,335,360
1691,792,736,783
1692,173,169,180
1693,456,451,473
1694,860,773,857
1695,428,414,431
1696,673,629,645
1697,382,365,358
1698,188,202,206
1699,1087,1080,1017
1700,1171,1154,1165
1701,1885,2151,1998
1702,883,840,833
1703,1096,1086,1005
1704,333,314,335
1705,2108,2165,2008
1706,787,732,745
1707,2068,2165,2008
1708,1885,2177,2008
1709,1145,1119,1048
1710,724,711,730
1711,934,987,932
1712,636,573,614
1713,367,356,363
1714,442,418,421
1715,839,801,804
1716,244,228,241
1717,168,167,172
1718,412,430,428
1719,390,400,402
1720,94,95,103
1721,567,634,622
1722,563,575,594
1723,1710,1854,1976
1724,865,800,847
1725,340,357,341
1726,159,166,168
1727,681,706,693
1728,204,206,211
1729,1803,1870,1973
1730,1078,1154,1160
1731,413,408,381
1732,180,183,183
1733,276,310,284
1734,189,194,201
1735,519,521,530
1736,167,175,172
1737,461,459,469
1738,370,357,357
1739,197,196,207
1740,273,288,286
1741,356,367,360
1742,510,484,494
1743,584,628,607
1744,403,417,423
1745,1004,1076,1051
1746,354,366,360
1747,740,783,728
1748,182,188,194
1749,810,913,845
1750,234,245,251
1751,997,1033,997
1752,906,965,957
1753,627,675,655
1754,351,391,381
1755,323,357,354
1756,328,330,346
1757,521,552,538
1758,293,295,302
1759,487,502,513
1760,526,536,524
1761,223,208,212
1762,195,179,189
1763,112,91,107
1764,134,132,134
1765,354,301,331
1766,330,290,314
1767,526,452,484
1768,107,85,101
1769,520,477,465
1770,133,108,133
1771,574,525,531
1772,239,204,229
1773,390,302,332
1774,352,279,314
1775,631,575,606
1776,252,235,263
1777,265,247,282
1778,196,183,198
1779,146,140,153
1780,141,127,143
1781,143,144,158
1782,119,98,114
1783,352,335,359
1784,376,391,383
1785,390,387,389
1786,259,262,280
1787,1053,1042,1125
1788,907,891,934
1789,1476,1453,1631
1790,418,461,450
1791,1065,960,1046
1792,281,280,285
1793,2020,1817,2075
1794,495,493,483
1795,1992,1830,2076
1796,1818,1817,2075
1797,1410,1269,1375
1798,545,570,620
1799,518,544,598
1800,396,419,412
1801,560,597,600
1802,319,304,321
1803,513,538,565
1804,419,411,424
1805,371,389,371
1806,192,207,204
1807,189,203,195
1808,249,252,244
1809,389,387,413
1810,384,416,422
1811,1074,1019,1081
1812,168,189,188
1813,602,572,577
1814,157,161,161
1815,1239,1179,1216
1816,193,208,213
1817,1021,944,965
1818,849,791,810
1819,1034,931,1008
1820,241,285,287
1821,228,284,284
1822,227,246,253
1823,192,205,218
1824,119,125,125
1825,260,276,276
1826,181,187,182
1827,26,23,26
1828,40,32,41
1829,44,33,41
1830,34,30,34
1831,77,73,82
1832,117,127,134
1833,314,284,297
1834,90,79,87
1835,81,72,77
1836,42,34,40
1837,126,111,111
1838,44,38,44
1839,267,219,242
1840,170,151,157
1841,72,58,64
1842,74,70,75
1843,72,72,74
1844,32,25,34
1845,54,52,61
1846,44,34,43
1847,59,59,64
1848,47,36,45
1849,423,423,418
1850,175,179,183
1851,86,90,86
1852,405,377,377
1853,444,471,452
1854,236,256,252
1855,483,464,442
1856,107,110,104
1857,858,828,830
1858,125,129,128
1859,934,876,888
1860,165,176,164
1861,296,307,294
1862,270,290,277
1863,908,796,835
1864,238,249,242
1865,219,239,236
1866,280,301,288
1867,176,192,188
1868,188,196,196
1869,191,207,195
1870,84,86,85
1871,188,170,179
1872,106,94,105
1873,71,71,70
1874,149,132,142
1875,224,210,215
1876,139,122,134
1877,254,220,231
1878,71,70,71
1879,425,357,377
1880,70,71,75
1881,522,491,501
1882,124,105,111
1883,183,159,166
1884,168,151,156
1885,496,481,495
1886,161,136,150
1887,131,120,129
1888,158,136,150
1889,86,82,89
1890,103,92,102
1891,115,106,113
1892,57,59,57
1893,383,368,376
1894,163,175,165
1895,103,117,105
1896,444,409,415
1897,315,312,304
1898,208,215,203
1899,365,344,336
1900,122,123,118
1901,784,751,773
1902,122,131,124
1903,790,767,743
1904,157,165,152
1905,257,262,235
1906,260,272,254
1907,733,729,738
1908,267,268,268
1909,207,205,205
1910,237,248,245
1911,186,203,192
1912,158,163,153
1913,175,191,181
1914,88,93,87
1915,94,106,103
1916,42,48,43
1917,28,28,27
1918,77,86,87
1919,76,87,89
1920,71,73,74
1921,152,159,156
1922,34,34,32
1923,134,134,130
1924,31,32,29
1925,246,249,268
1926,35,38,37
1927,98,99,109
1928,81,86,88
1929,210,221,221
1930,54,63,60
1931,56,61,56
1932,43,48,44
1933,41,46,42
1934,32,33,31
1935,50,61,58
1936,27,27,27
1937,314,298,310
1938,163,167,173
1939,133,143,137
1940,337,331,332
1941,365,384,378
1942,257,301,292
1943,458,459,446
1944,133,137,133
1945,672,681,694
1946,113,118,117
1947,817,819,825
1948,159,168,164
1949,376,381,372
1950,347,371,352
1951,831,774,866
1952,257,271,265
1953,239,274,271
1954,196,217,212
1955,257,270,277
1956,137,140,132
1957,236,249,253
1958,113,119,111
1959,233,214,211
1960,109,116,110
1961,103,103,104
1962,158,162,145
1963,248,265,272
1964,185,195,189
1965,349,344,331
1966,97,96,95
1967,481,486,491
1968,89,94,93
1969,601,587,633
1970,148,147,139
1971,272,271,273
1972,214,220,210
1973,562,558,628
1974,236,230,235
1975,188,202,202
1976,179,176,181
1977,100,110,104
1978,97,97,94
1979,146,147,148
1980,79,75,79
1981,223,246,212
1982,154,171,157
1983,116,111,105
1984,375,410,376
1985,309,334,315
1986,191,215,203
1987,389,383,360
1988,102,105,99
1989,702,763,722
1990,118,117,112
1991,662,716,676
1992,145,154,153
1993,333,337,318
1994,285,289,270
1995,691,735,700
1996,223,269,254
1997,215,246,246
1998,161,194,187
1999,172,194,182
2000,116,118,108
2001,162,190,183
2002,95,102,92
2003,353,347,344
2004,153,159,158
2005,62,68,63
2006,292,290,299
2007,304,310,299
2008,240,275,260
2009,306,314,302
2010,68,72,70
2011,791,809,806
2012,101,112,110
2013,752,764,736
2014,135,145,140
2015,265,277,266
2016,258,272,261
2017,799,813,812
2018,219,219,215
2019,206,228,225
2020,208,238,224
2021,159,174,175
2022,149,151,150
2023,166,184,179
2024,50,53,52
2025,138,126,142
2026,413,369,387
2027,157,143,152
2028,99,89,101
2029,306,299,378
2030,531,475,571
2031,1064,891,1213
2032,316,274,313
2033,1717,1248,1679
2034,854,748,806
2035,869,708,933
2036,294,262,288
2037,812,670,848
2038,1768,1539,2050
2039,610,519,605
2040,301,298,350
2041,413,406,488
2042,228,213,233
2043,294,269,295
2044,134,124,124
2045,374,335,369
2046,258,222,248
2047,201,192,205
2048,113,104,107
2049,168,143,167
2050,60,63,62
2051,264,251,269
2052,201,196,209
2053,532,474,541
2054,116,104,112
2055,141,129,128
2056,86,75,91
2057,603,557,596
2058,140,122,133
2059,336,285,321
2060,368,329,366
2061,369,344,378
2062,122,120,119
2063,158,153,174
2064,120,114,127
2065,81,81,86
2066,86,80,89
2067,317,299,338
2068,83,72,89
2069,114,132,126
2070,78,80,83
2071,53,54,55
2072,62,70,68
2073,104,100,107
2074,86,88,92
2075,199,184,195
2076,48,49,44
2077,100,99,100
2078,36,36,34
2079,254,239,231
2080,44,46,46
2081,124,124,129
2082,109,107,116
2083,154,142,148
2084,58,68,64
2085,86,86,89
2086,62,63,64
2087,39,42,40
2088,53,54,51
2089,75,85,84
2090,39,39,37
2091,155,147,155
2092,88,92,86
2093,101,111,102
2094,302,291,308
2095,326,358,347
2096,184,190,190
2097,523,558,539
2098,155,160,168
2099,1130,1111,1130
2100,173,197,195
2101,597,639,633
2102,186,186,188
2103,378,391,372
2104,252,257,247
2105,580,593,576
2106,321,328,332
2107,270,292,297
2108,354,369,350
2109,182,186,195
2110,191,198,201
2111,149,157,151
2112,88,92,88
2113,158,151,156
2114,227,214,216
2115,302,274,277
2116,327,287,309
2117,447,455,451
2118,176,177,175
2119,545,573,575
2120,257,237,245
2121,1038,985,1090
2122,227,214,214
2123,487,482,504
2124,218,191,200
2125,633,630,624
2126,446,448,471
2127,463,450,465
2128,560,612,618
2129,316,344,338
2130,296,270,280
2131,377,396,396
2132,288,245,266
2133,349,324,336
2134,243,230,232
2135,67,63,72
2136,75,67,76
2137,79,64,76
2138,54,51,56
2139,128,120,139
2140,98,90,96
2141,188,163,179
2142,79,65,76
2143,352,308,382
2144,75,69,84
2145,282,231,289
2146,105,96,110
2147,158,134,156
2148,224,187,217
2149,269,226,278
2150,97,92,100
2151,127,114,124
2152,97,87,97
2153,84,73,85
2154,79,65,75
2155,88,79,83
2156,67,59,69
2157,223,214,214
2158,271,255,256
2159,280,264,266
2160,217,218,222
2161,752,763,757
2162,442,456,456
2163,1569,1794,1789
2164,749,693,723
2165,4115,3639,3727
2166,1016,1048,993
2167,1617,1688,1622
2168,723,697,685
2169,1554,1640,1576
2170,1192,1326,1286
2171,1090,1093,1057
2172,669,715,723
2173,846,971,951
2174,789,762,775
2175,974,956,956
2176,382,352,377
2177,301,295,284
2178,449,406,446
2179,197,185,183
2180,282,258,245
2181,222,210,196
2182,258,244,250
2183,333,335,365
2184,275,318,342
2185,630,700,721
2186,287,267,254
2187,1299,1313,1422
2188,241,231,216
2189,600,649,670
2190,268,242,245
2191,612,653,670
2192,628,698,719
2193,588,586,642
2194,562,567,621
2195,355,380,403
2196,340,322,314
2197,462,443,429
2198,176,154,147
2199,305,280,277
2200,316,285,279
2201,134,134,145
2202,172,182,179
2203,167,170,175
2204,114,117,124
2205,255,270,243
2206,212,233,220
2207,418,420,404
2208,153,166,166
2209,936,973,951
2210,155,158,163
2211,504,500,491
2212,172,182,183
2213,376,371,352
2214,388,386,358
2215,487,485,474
2216,341,382,365
2217,199,255,227
2218,243,262,252
2219,212,236,233
2220,134,137,133
2221,151,166,159
2222,156,153,157
2223,70,78,79
2224,20,20,21
2225,26,23,25
2226,104,115,121
2227,32,35,34
2228,41,38,40
2229,173,167,173
2230,59,55,62
2231,529,490,472
2232,20,18,20
2233,247,230,244
2234,27,26,27
2235,198,178,199
2236,103,102,104
2237,244,233,236
2238,35,34,34
2239,31,32,31
2240,44,39,44
2241,58,59,66
2242,20,19,20
2243,22,25,24
2244,27,26,28
2245,151,158,150
2246,234,240,230
2247,141,133,139
2248,122,127,122
2249,317,328,323
2250,196,208,207
2251,507,495,523
2252,175,172,178
2253,1898,2072,2089
2254,171,166,177
2255,529,548,536
2256,144,153,156
2257,478,456,469
2258,390,367,383
2259,595,616,643
2260,275,285,301
2261,269,274,287
2262,306,330,349
2263,265,291,295
2264,140,137,130
2265,170,181,185
2266,133,129,128
2267,194,194,190
2268,111,119,113
2269,130,121,124
2270,234,233,224
2271,196,205,197
2272,176,181,190
2273,574,560,587
2274,216,209,223
2275,1370,1316,1376
2276,115,107,115
2277,655,674,677
2278,143,148,146
2279,567,538,538
2280,373,339,341
2281,792,739,798
2282,249,251,265
2283,224,247,268
2284,248,244,256
2285,367,411,412
2286,126,126,123
2287,140,152,147
2288,232,214,225
2289,143,163,153
2290,51,53,54
2291,55,56,57
2292,209,228,219
2293,153,151,154
2294,81,88,88
2295,179,173,183
2296,38,36,36
2297,339,286,289
2298,49,52,49
2299,216,200,211
2300,57,60,60
2301,125,119,123
2302,115,115,113
2303,109,108,105
2304,96,102,97
2305,94,101,92
2306,71,70,72
2307,84,80,86
2308,89,86,84
2309,116,135,125
2310,54,55,55
2311,50,49,54
2312,56,53,62
2313,35,28,36
2314,19,18,20
2315,88,83,96
2316,119,123,131
2317,252,206,232
2318,56,45,55
2319,283,244,289
2320,32,26,34
2321,285,218,269
2322,85,82,88
2323,162,142,163
2324,243,201,232
2325,323,285,322
2326,80,81,90
2327,84,85,92
2328,65,62,74
2329,43,37,44
2330,20,17,21
2331,60,61,66
2332,27,20,27
2333,16,16,16
2334,35,35,36
2335,24,20,22
2336,16,16,16
2337,53,47,48
2338,66,63,66
2339,149,149,152
2340,16,15,15
2341,25,25,23
2342,16,14,14
2343,108,100,101
2344,44,41,43
2345,108,97,100
2346,79,71,74
2347,124,125,116
2348,63,61,63
2349,80,68,76
2350,21,21,22
2351,33,33,35
2352,16,15,15
2353,29,31,34
2354,20,17,18
2355,140,132,129
2356,84,87,86
2357,66,61,68
2358,82,85,87
2359,288,273,294
2360,304,310,323
2361,479,447,496
2362,89,75,86
2363,600,643,656
2364,99,81,94
2365,877,873,902
2366,214,201,209
2367,333,301,323
2368,667,665,729
2369,705,723,725
2370,224,232,242
2371,222,218,248
2372,212,207,215
2373,91,90,91
2374,155,135,143
2375,122,119,125
2376,74,65,71
2377,20,20,18
2378,84,89,87
2379,185,150,175
2380,27,27,26
2381,241,250,279
2382,132,128,137
2383,532,513,549
2384,342,288,345
2385,242,200,221
2386,110,92,108
2387,208,172,186
2388,78,77,85
2389,824,699,756
2390,456,398,455
2391,282,239,269
2392,87,81,82
2393,121,116,123
2394,92,93,96
2395,199,217,216
2396,62,58,61
2397,134,135,146
2398,217,170,208
2399,142,147,137
2400,136,139,139
2401,126,123,129
2402,109,105,107
2403,267,268,262
2404,281,310,312
2405,396,392,390
2406,121,117,121
2407,365,392,357
2408,116,109,115
2409,501,527,500
2410,206,210,210
2411,409,382,390
2412,491,471,499
2413,641,638,637
2414,208,222,217
2415,193,207,216
2416,154,160,161
2417,116,122,127
2418,116,112,113
2419,186,194,195
2420,95,91,97
2421,89,72,82
2422,101,77,97
2423,58,51,59
2424,51,48,52
2425,190,155,194
2426,190,170,194
2427,347,314,377
2428,65,54,63
2429,293,243,291
2430,75,64,74
2431,443,360,441
2432,104,81,95
2433,360,298,372
2434,314,256,316
2435,318,263,317
2436,127,107,118
2437,117,97,113
2438,143,105,134
2439,68,55,67
2440,78,57,72
2441,119,94,107
2442,48,44,50
2465,180,187,181
2466,118,129,126
2467,54,55,50
2468,67,70,65
2469,319,319,334
2470,319,335,328
2471,314,308,306
2472,62,63,60
2473,709,727,733
2474,111,117,112
2475,682,685,708
2476,172,184,170
2477,296,299,288
2478,390,366,372
2479,645,661,678
2480,243,232,231
2481,193,217,204
2482,257,249,249
2483,73,80,77
2484,158,158,152
2485,125,132,128
2486,52,55,48
2487,160,156,157
2488,179,180,176
2489,141,131,131
2490,206,206,189
2491,298,302,327
2492,144,149,149
2493,398,332,356
2494,130,118,122
2495,553,517,543
2496,127,118,122
2497,372,322,343
2498,129,122,121
2499,364,310,327
2500,298,267,277
2501,291,272,279
2502,178,180,173
2503,195,203,203
2504,127,124,120
2505,145,151,145
2506,165,166,167
2507,155,156,156
2508,158,155,153
2509,135,141,133
2510,140,149,150
2511,131,115,130
2512,83,88,87
2513,283,280,274
2514,391,398,446
2515,442,421,472
2516,150,141,155
2517,365,383,385
2518,155,139,154
2519,487,490,530
2520,186,188,186
2521,395,364,393
2522,589,582,617
2523,357,359,348
2524,174,192,194
2525,254,267,273
2526,210,216,212
2527,125,122,126
2528,147,142,146
2529,242,253,243
2530,95,88,101
2531,25,23,28
2532,56,53,54
2533,65,55,60
2534,19,18,20
2535,70,68,68
2536,75,70,76
2537,192,181,194
2538,46,39,44
2539,38,32,36
2540,18,16,18
2541,76,71,72
2542,55,53,55
2543,99,88,91
2544,154,143,149
2545,58,50,56
2546,73,69,74
2547,155,160,164
2548,23,22,24
2549,41,38,41
2550,45,40,44
2551,108,108,117
2552,50,46,46
2553,90,83,89
2554,229,227,226
2555,182,171,182
2556,87,85,90
2557,447,491,519
2558,183,201,194
2559,381,396,380
2560,357,351,421
2561,323,335,304
2562,117,103,110
2563,374,379,343
2564,157,149,148
2565,578,558,603
2566,464,483,523
2567,283,294,267
2568,149,168,156
2569,225,250,245
2570,109,114,116
2571,103,106,109
2572,243,249,249
2573,295,318,323
2574,99,95,95
2575,208,188,192
2576,481,470,490
2577,425,401,421
2578,175,161,175
2579,710,723,705
2580,401,385,403
2581,576,604,605
2582,363,337,373
2583,708,735,739
2584,212,186,201
2585,801,784,792
2586,271,252,252
2587,653,675,669
2588,820,812,828
2589,741,716,742
2590,354,353,367
2591,494,538,522
2592,285,270,285
2593,193,181,194
2594,562,547,592
2595,484,465,494
2596,174,155,172
2597,29,26,30
2598,439,387,462
2599,51,49,48
2600,48,45,49
2601,329,267,349
2602,94,82,96
2603,219,182,209
2604,81,71,81
2605,218,174,194
2606,26,26,28
2607,308,244,295
2608,55,50,53
2609,397,264,337
2610,426,292,382
2611,197,168,187
2612,144,133,143
2613,138,115,132
2614,80,67,79
2615,111,89,108
2616,268,211,259
2617,92,80,94
2618,23,22,23
2619,45,47,44
2620,91,84,84
2621,57,47,58
2622,56,54,52
2623,237,209,263
2624,76,69,78
2625,192,156,184
2626,80,69,76
2627,143,123,128
2628,61,55,67
2629,174,147,161
2630,65,58,69
2631,290,224,277
2632,236,182,226
2633,144,129,135
2634,58,56,58
2635,95,90,93
2636,56,51,58
2637,23,21,23
2638,148,129,147
2639,124,128,125
2640,21,18,20
2641,115,97,114
2642,64,55,70
2643,56,49,56
2644,41,30,41
2645,147,128,163
2646,197,178,216
2647,281,231,293
2648,83,70,81
2649,279,212,280
2650,68,65,76
2651,461,348,497
2652,147,130,159
2653,194,156,191
2654,444,361,484
2655,287,205,282
2656,156,142,163
2657,173,154,184
2658,81,66,86
2659,56,48,54
2660,59,50,56
2661,110,97,112
2662,24,20,25
2663,68,75,72
2664,61,60,62
2665,57,53,52
2666,58,62,57
2667,155,138,139
2668,108,114,104
2669,130,130,124
2670,35,34,32
2671,322,306,292
2672,83,82,83
2673,229,226,229
2674,63,65,65
2675,96,96,95
2676,100,101,101
2677,209,204,204
2678,127,129,117
2679,164,162,160
2680,69,67,67
2681,69,67,70
2682,69,65,67
2683,166,191,179
2684,53,48,47
2685,272,261,275
2686,266,289,287
2687,167,176,170
2688,266,269,280
2689,309,327,315
2690,162,168,160
2691,462,454,442
2692,182,192,191
2693,1936,1686,1833
2694,257,261,262
2695,670,685,708
2696,175,190,191
2697,317,330,316
2698,313,309,303
2699,654,659,656
2700,287,285,292
2701,283,296,297
2702,264,276,279
2703,505,532,548
2704,118,129,120
2705,279,306,301
2706,259,258,262
2707,434,427,426
2708,447,444,443
2709,310,317,311
2710,304,318,302
2711,764,855,819
2712,509,521,491
2713,1151,1282,1213
2714,451,448,446
2715,4548,4778,4524
2716,810,822,793
2717,1865,1951,1892
2718,452,455,453
2719,1122,1150,1099
2720,1045,1119,1069
2721,1398,1475,1457
2722,722,757,705
2723,684,747,742
2724,1062,1054,1114
2725,1304,1319,1347
2726,302,305,295
2727,515,504,504
2728,798,808,782
2729,141,164,156
2730,280,292,308
2731,201,198,212
2732,271,293,291
2733,380,420,412
2734,140,159,142
2735,411,424,418
2736,170,170,163
2737,1261,1204,1309
2738,208,220,227
2739,453,479,473
2740,135,148,139
2741,351,355,362
2742,330,325,334
2743,433,458,450
2744,228,244,246
2745,239,254,255
2746,131,134,132
2747,442,419,424
2748,137,150,144
2749,171,178,178
2750,218,220,231
2751,183,184,192
2752,289,299,302
2753,149,154,155
2754,131,144,147
2755,370,397,399
2756,272,293,282
2757,530,530,541
2758,182,209,193
2759,3016,2889,2909
2760,344,354,349
2761,903,939,955
2762,270,295,295
2763,471,491,470
2764,610,596,627
2765,1031,1091,1152
2766,475,495,500
2767,425,449,468
2768,470,514,521
2769,468,544,565
2770,137,143,142
2771,242,273,269
2772,321,330,329
2773,175,185,196
2774,1687,1698,1883
2775,517,503,499
2776,119,128,125
2777,1147,1189,1258
2778,1025,1045,1177
2779,1905,2104,2279
2780,1169,1126,1230
2781,1545,1497,1605
2782,1309,1303,1360
2783,1605,1713,1795
2784,727,683,702
2785,2579,2673,2860
2786,1934,2182,2382
2787,1221,1218,1265
2788,916,873,964
2789,1008,1065,1136
2790,450,429,454
2791,976,945,1004
2792,228,246,241
2793,1109,1060,1175
2794,672,654,653
2795,278,272,302
2796,456,446,475
2797,451,431,465
2798,138,142,149
2799,860,813,908
2800,747,731,806
2801,1435,1419,1612
2802,487,492,524
2803,3294,2723,3097
2804,468,459,480
2805,1533,1405,1586
2806,601,586,602
2807,1837,1676,1896
2808,1717,1750,1904
2809,1064,953,1062
2810,854,836,942
2811,941,977,1130
2812,393,380,400
2813,394,381,407
2814,426,391,441
2815,416,413,423
2816,472,469,496
2817,886,839,936
2818,171,186,184
2819,152,182,157
2820,894,852,929
2821,330,382,366
2822,345,391,371
2823,1078,1121,1037
2824,324,404,339
2825,1066,1069,1038
2826,140,170,149
2827,1116,1091,1136
2828,209,247,226
2829,805,904,787
2830,772,854,747
2831,996,993,972
2832,308,330,313
2833,257,290,275
2834,258,294,279
2835,362,403,384
2836,159,169,160
2837,317,376,355
2838,229,283,243
2839,219,226,236
2840,68,71,75
2841,46,48,44
2842,58,64,62
2843,175,163,195
2844,218,231,240
2845,219,200,228
2846,52,55,51
2847,333,288,329
2848,64,63,60
2849,570,503,583
2850,129,137,139
2851,168,144,166
2852,197,175,207
2853,407,357,407
2854,149,162,166
2855,154,165,173
2856,79,81,85
2857,52,56,53
2858,67,67,66
2859,76,86,91
2860,37,35,34
2861,707,718,721
2862,305,298,314
2863,295,295,305
2864,410,413,431
2865,732,764,758
2866,672,688,715
2867,994,973,1058
2868,416,416,462
2869,1025,977,1048
2870,336,309,338
2871,1019,1017,1108
2872,714,703,736
2873,750,747,775
2874,977,944,1008
2875,877,895,964
2876,788,783,835
2877,809,836,841
2878,399,383,398
2879,330,332,345
2880,335,331,347
2881,352,346,356
2882,214,225,227
2883,515,505,519
2884,298,301,298
2885,292,294,296
2886,129,132,131
2887,1194,1242,1162
2888,1259,1313,1293
2889,1800,2039,1946
2890,529,556,558
2891,1463,1442,1430
2892,532,539,529
2893,2508,2609,2532
2894,1117,1097,1108
2895,1630,1715,1613
2896,1837,2083,2028
2897,1530,1504,1459
2898,1004,961,933
2899,1085,1123,1047
2900,609,619,601
2901,422,427,423
2902,278,264,259
2903,457,468,477
2904,199,219,195
2905,145,159,153
2906,362,355,360
2907,278,271,274
2908,253,264,254
2909,739,806,812
2910,556,603,581
2911,1109,1169,1218
2912,494,572,522
2913,1123,1110,1159
2914,489,519,489
2915,851,874,887
2916,556,602,564
2917,996,1007,1048
2918,1160,1218,1273
2919,1592,1688,1686
2920,535,567,544
2921,631,712,679
2922,564,611,586
2923,270,288,290
2924,390,389,398
2925,786,858,883
2926,136,144,137
2927,72,83,81
2928,313,337,342
2929,295,312,307
2930,69,85,82
2931,539,585,586
2932,423,434,459
2933,925,917,1004
2934,496,570,549
2935,914,918,946
2936,366,379,394
2937,655,654,693
2938,345,387,368
2939,928,921,1024
2940,844,848,919
2941,634,701,702
2942,381,423,422
2943,437,489,492
2944,279,322,309
2945,362,393,416
2946,247,256,252
2947,474,552,536
2948,276,278,280
2949,125,116,130
2950,512,535,536
2951,413,392,397
2952,102,92,108
2953,681,757,856
2954,541,634,706
2955,876,987,1114
2956,486,523,523
2957,712,772,844
2958,418,390,403
2959,754,839,935
2960,469,467,468
2961,939,1037,1183
2962,867,970,1101
2963,664,760,829
2964,577,619,633
2965,528,603,611
2966,400,387,389
2967,311,319,313
2968,279,271,272
2969,476,476,491
2970,450,460,457
2971,329,316,337
2972,944,834,925
2973,761,679,714
2974,309,310,317
2975,1352,1466,1499
2976,1083,1162,1284
2977,1830,2160,2262
2978,754,703,744
2979,1782,1720,1859
2980,636,550,589
2981,2046,2174,2302
2982,863,745,811
2983,1592,1731,1764
2984,1858,2204,2317
2985,1423,1493,1534
2986,1109,1066,1170
2987,1141,1203,1241
2988,648,572,592
2989,985,876,941
2990,557,503,510
2991,800,711,760
2992,691,641,637
2993,491,520,505
2994,360,365,376
2995,397,401,400
2996,679,727,691
2997,622,620,646
2998,660,682,699
2999,1035,1073,1094
3000,554,579,594
3001,597,581,583
3002,130,141,134
3003,1107,1161,1179
3004,291,300,310
3005,1169,1191,1233
3006,928,939,974
3007,718,762,772
3008,261,282,279
3009,404,406,414
3010,244,257,263
3011,165,189,181
3012,280,285,293
3013,443,449,459
3014,127,115,118
3015,91,91,94
3016,1073,1033,1176
3017,742,767,757
3018,289,303,277
3019,1565,1513,1698
3020,394,376,388
3021,2161,2247,2470
3022,944,938,990
3023,2072,1759,1883
3024,313,278,293
3025,833,799,858
3026,351,328,343
3027,2421,2265,2511
3028,1434,1494,1620
3029,708,697,733
3030,426,425,447
3031,902,930,1009
3032,462,438,463
3033,1194,1189,1239
3034,234,229,227
3035,655,652,675
3036,1164,1121,1191
3037,969,941,939
3038,929,887,894
3039,565,546,538
3040,556,560,562
3041,1612,1683,1629
3042,1604,1586,1584
3043,2287,2543,2544
3044,1116,1126,1168
3045,1467,1451,1456
3046,497,466,494
3047,2926,2907,2967
3048,1193,1180,1248
3049,2509,2559,2557
3050,2616,2923,2967
3051,1663,1646,1592
3052,1213,1214,1261
3053,1492,1520,1515
3054,903,843,860
3055,675,649,657
3056,639,627,608
3057,968,920,974
3058,342,335,350
3059,261,278,267
3060,521,518,548
3061,593,600,592
3062,140,160,156
3063,904,959,1014
3064,900,899,953
3065,2157,2328,2483
3066,1132,1122,1176
3067,652,626,688
3068,204,218,220
3069,1182,1172,1274
3070,361,364,360
3071,2666,2666,2875
3072,1642,1759,1813
3073,633,648,674
3074,257,266,264
3075,378,410,389
3076,321,327,330
3077,838,833,836
3078,228,251,253
3079,717,724,732
3080,638,627,628
3081,306,324,315
3082,472,477,476
3083,469,501,464
3084,763,816,787
3085,789,826,830
3086,605,626,622
3087,1372,1458,1470
3088,477,491,481
3089,1013,992,969
3090,241,258,254
3091,1154,1196,1191
3092,381,389,389
3093,1385,1427,1447
3094,1252,1333,1370
3095,848,949,947
3096,534,549,537
3097,481,496,483
3098,492,494,491
3099,672,698,683
3100,333,356,344
3101,549,561,554
3102,778,791,760
3103,319,289,314
3104,259,247,279
3105,117,101,113
3106,140,153,161
3107,393,342,390
3108,408,353,397
3109,646,554,620
3110,115,99,114
3111,686,579,603
3112,135,119,138
3113,678,638,660
3114,293,254,303
3115,455,355,421
3116,409,325,387
3117,740,730,758
3118,319,297,332
3119,369,327,372
3120,226,217,238
3121,181,176,204
3122,149,150,164
3123,157,149,172
3124,130,115,131
3125,435,444,458
3126,509,539,518
3127,506,516,509
3128,368,397,411
3129,1424,1424,1527
3130,1050,1008,1048
3131,1621,1690,1797
3132,550,603,560
3133,1424,1363,1459
3134,347,362,368
3135,1869,1776,1936
3136,564,590,546
3137,2244,2156,2344
3138,2046,2156,2343
3139,1563,1515,1523
3140,587,597,568
3141,804,773,791
3142,559,592,545
3143,790,825,756
3144,389,391,398
3145,548,571,547
3146,685,733,677
3147,787,839,760
3148,268,271,260
3149,263,266,250
3150,450,492,462
3151,566,588,617
3152,536,574,574
3153,1577,1538,1572
3154,255,266,239
3155,803,780,756
3156,200,210,192
3157,1704,1603,1602
3158,293,314,287
3159,1442,1332,1331
3160,1167,1120,1141
3161,1273,1282,1307
3162,323,363,340
3163,379,394,382
3164,319,336,314
3165,291,312,296
3166,150,158,142
3167,342,363,329
3168,258,251,236
3169,28,25,29
3170,45,38,50
3171,57,48,60
3172,37,32,39
3173,90,81,97
3174,154,163,179
3175,322,297,338
3176,116,99,119
3177,86,73,88
3178,50,39,53
3179,148,138,148
3180,47,38,50
3181,262,246,272
3182,165,157,162
3183,74,61,74
3184,77,73,85
3185,87,86,93
3186,34,26,38
3187,89,77,98
3188,42,31,43
3189,61,58,72
3190,72,60,74
3191,528,545,547
3192,217,246,245
3193,100,101,103
3194,549,575,574
3195,506,532,499
3196,312,349,337
3197,562,556,530
3198,121,127,119
3199,1062,1084,1104
3200,130,141,134
3201,1078,1075,1135
3202,225,259,245
3203,374,394,382
3204,345,368,354
3205,1068,1043,1087
3206,313,330,326
3207,281,320,302
3208,410,448,417
3209,238,268,262
3210,190,210,207
3211,209,234,230
3212,97,101,102
3213,256,230,253
3214,153,139,157
3215,89,87,86
3216,226,210,226
3217,298,300,316
3218,219,192,211
3219,322,303,321
3220,88,83,87
3221,572,520,546
3222,94,93,97
3223,668,643,668
3224,128,115,128
3225,207,191,201
3226,205,190,201
3227,623,606,620
3228,238,213,235
3229,180,162,180
3230,205,176,202
3231,131,121,136
3232,124,109,120
3233,129,118,134
3234,65,64,65
3235,528,530,551
3236,242,270,280
3237,118,128,119
3238,650,657,665
3239,458,505,482
3240,257,283,279
3241,494,494,483
3242,158,162,153
3243,901,902,891
3244,147,160,155
3245,893,916,909
3246,184,212,192
3247,325,334,325
3248,335,363,349
3249,831,846,833
3250,337,345,360
3251,234,253,257
3252,315,341,337
3253,242,267,274
3254,177,205,187
3255,242,271,269
3256,107,115,108
3257,94,97,104
3258,54,60,55
3259,36,35,34
3260,79,88,90
3261,102,106,113
3262,76,77,74
3263,148,156,155
3264,32,31,31
3265,191,201,194
3266,37,38,37
3267,288,284,301
3268,51,54,50
3269,98,99,103
3270,87,86,83
3271,308,312,299
3272,69,74,71
3273,63,65,59
3274,51,55,51
3275,52,58,54
3276,49,49,46
3277,55,63,57
3278,25,25,25
3279,503,494,501
3280,227,231,233
3281,162,168,157
3282,464,474,452
3283,476,524,492
3284,378,412,388
3285,547,580,548
3286,165,166,161
3287,773,806,790
3288,141,151,139
3289,1033,1031,1052
3290,270,275,258
3291,464,490,464
3292,415,455,420
3293,1059,1022,1089
3294,387,391,391
3295,319,354,342
3296,288,300,287
3297,353,360,358
3298,191,198,186
3299,313,319,322
3300,152,156,137
3301,304,324,318
3302,158,171,176
3303,110,120,113
3304,238,250,242
3305,275,303,310
3306,211,236,236
3307,420,434,415
3308,113,120,117
3309,614,639,650
3310,90,104,101
3311,741,775,795
3312,172,187,182
3313,299,311,312
3314,262,286,276
3315,787,826,861
3316,235,250,260
3317,209,248,241
3318,210,213,222
3319,132,144,152
3320,103,115,107
3321,123,134,135
3322,88,89,93
3323,446,492,472
3324,209,236,234
3325,162,164,171
3326,651,745,705
3327,480,495,501
3328,317,336,336
3329,556,539,572
3330,142,151,148
3331,1102,1036,1071
3332,140,147,147
3333,939,1003,1004
3334,222,246,253
3335,466,441,459
3336,425,401,423
3337,999,1022,1077
3338,400,425,445
3339,369,378,402
3340,251,280,286
3341,345,369,379
3342,178,192,193
3343,226,255,267
3344,138,141,142
3345,502,511,497
3346,195,218,224
3347,75,79,76
3348,490,511,508
3349,467,511,490
3350,289,334,327
3351,474,499,482
3352,85,90,83
3353,995,1045,1018
3354,130,143,133
3355,973,1041,1035
3356,187,208,189
3357,374,399,381
3358,338,373,356
3359,1123,1100,1166
3360,295,318,318
3361,307,360,351
3362,290,326,309
3363,223,245,247
3364,227,244,248
3365,204,228,221
3366,83,95,86
3367,242,247,246
3368,445,412,460
3369,187,184,194
3370,123,128,127
3371,406,392,455
3372,656,608,627
3373,1263,1245,1458
3374,436,401,452
3375,2029,1667,1875
3376,1017,974,1059
3377,1096,984,1138
3378,398,372,391
3379,1099,993,1139
3380,1680,1611,1893
3381,758,705,689
3382,374,368,390
3383,543,511,580
3384,410,376,399
3385,493,472,508
3386,152,153,159
3387,478,455,487
3388,426,385,436
3389,402,368,406
3390,175,154,174
3391,213,193,226
3392,91,88,96
3393,404,375,413
3394,254,241,266
3395,698,598,679
3396,155,135,157
3397,217,199,216
3398,108,91,106
3399,814,705,794
3400,214,193,220
3401,452,383,454
3402,501,399,485
3403,521,474,530
3404,176,167,182
3405,245,237,266
3406,162,145,168
3407,100,97,108
3408,106,93,103
3409,443,408,451
3410,98,86,102
3411,203,232,221
3412,125,132,135
3413,67,68,68
3414,80,101,94
3415,176,185,196
3416,145,158,160
3417,303,295,302
3418,72,74,74
3419,111,114,114
3420,43,47,43
3421,388,374,380
3422,81,83,86
3423,200,208,215
3424,213,220,221
3425,313,296,288
3426,87,97,96
3427,128,137,135
3428,76,77,80
3429,56,63,59
3430,77,82,81
3431,122,143,137
3432,47,51,46
3433,181,187,211
3434,109,119,116
3435,99,107,102
3436,382,392,418
3437,348,393,385
3438,219,242,253
3439,587,607,613
3440,160,174,182
3441,1209,1190,1276
3442,230,264,266
3443,720,735,749
3444,228,243,252
3445,453,482,470
3446,314,325,325
3447,704,694,689
3448,451,458,473
3449,319,354,361
3450,480,507,481
3451,240,255,265
3452,244,269,270
3453,166,184,181
3454,102,108,103
3455,199,208,211
3456,302,309,319
3457,396,379,377
3458,516,525,523
3459,553,565,567
3460,237,234,231
3461,659,662,670
3462,284,281,289
3463,1408,1272,1372
3464,279,270,283
3465,533,537,552
3466,246,246,249
3467,759,765,750
3468,565,538,574
3469,551,579,607
3470,736,756,747
3471,400,403,398
3472,308,315,327
3473,520,547,552
3474,328,322,337
3475,367,371,381
3476,339,328,334
3477,74,82,88
3478,79,88,100
3479,95,86,95
3480,69,76,83
3481,180,181,203
3482,109,113,115
3483,192,171,182
3484,94,81,95
3485,502,483,533
3486,109,106,117
3487,300,273,323
3488,104,116,129
3489,202,174,193
3490,232,206,232
3491,288,268,309
3492,126,133,131
3493,153,150,150
3494,113,120,138
3495,98,103,114
3496,75,80,84
3497,88,94,97
3498,83,74,83
3499,302,301,314
3500,439,441,436
3501,404,408,406
3502,308,327,339
3503,850,941,899
3504,625,637,633
3505,1780,1983,2034
3506,912,899,893
3507,4748,4390,4573
3508,1273,1384,1354
3509,1848,1905,1968
3510,946,958,940
3511,1872,1921,1980
3512,1446,1608,1659
3513,1356,1386,1427
3514,897,925,898
3515,1052,1133,1222
3516,956,933,999
3517,1305,1349,1351
3518,413,405,419
3519,397,389,391
3520,763,801,767
3521,259,242,238
3522,407,364,363
3523,375,334,328
3524,455,468,461
3525,465,494,512
3526,408,453,473
3527,903,1019,1088
3528,438,434,429
3529,2018,2072,2066
3530,324,301,285
3531,758,877,901
3532,356,341,334
3533,768,869,882
3534,903,1010,1074
3535,718,815,849
3536,900,863,947
3537,535,561,591
3538,507,499,502
3539,669,696,686
3540,248,235,228
3541,444,425,432
3542,502,472,481
3543,169,177,185
3544,283,289,296
3545,215,221,220
3546,166,179,188
3547,341,348,340
3548,341,347,345
3549,646,645,630
3550,255,272,265
3551,1458,1453,1427
3552,246,247,248
3553,770,774,763
3554,259,279,277
3555,573,544,543
3556,686,651,655
3557,726,752,738
3558,527,534,522
3559,350,368,352
3560,353,373,374
3561,318,345,347
3562,163,168,164
3563,233,259,256
3564,211,208,216
3565,129,143,157
3566,23,24,25
3567,24,23,25
3568,169,182,202
3569,34,39,39
3570,57,58,55
3571,274,276,293
3572,65,64,70
3573,627,644,624
3574,23,23,24
3575,312,322,337
3576,34,36,37
3577,219,210,237
3578,120,120,127
3579,282,282,290
3580,55,58,55
3581,43,46,45
3582,51,53,52
3583,82,86,91
3584,23,24,25
3585,31,35,34
3586,33,36,37
3587,165,178,173
3588,209,215,225
3589,142,135,142
3590,134,150,152
3591,336,353,358
3592,239,234,237
3593,561,516,597
3594,181,175,180
3595,2367,2375,2333
3596,253,234,260
3597,565,572,603
3598,178,194,199
3599,464,428,463
3600,400,362,412
3601,560,589,616
3602,390,380,413
3603,303,302,317
3604,397,406,449
3605,297,322,328
3606,164,172,169
3607,164,183,171
3608,164,161,172
3609,271,274,280
3610,138,158,145
3611,186,173,182
3612,389,390,393
3613,299,306,312
3614,268,255,259
3615,760,709,776
3616,274,257,292
3617,1918,1678,1778
3618,138,139,139
3619,816,876,879
3620,190,199,199
3621,734,675,720
3622,550,468,536
3623,953,995,1052
3624,356,345,365
3625,348,326,364
3626,341,349,364
3627,604,680,703
3628,153,159,150
3629,207,224,223
3630,367,338,374
3631,186,224,210
3632,71,79,74
3633,59,58,55
3634,230,276,260
3635,205,220,229
3636,88,102,95
3637,226,223,232
3638,47,47,45
3639,340,320,325
3640,58,58,54
3641,212,208,219
3642,70,74,73
3643,108,118,113
3644,97,106,110
3645,104,113,112
3646,96,113,102
3647,111,119,112
3648,80,87,83
3649,86,92,88
3650,90,94,90
3651,100,117,108
3652,59,64,57
3653,63,66,68
3654,65,56,65
3655,41,31,39
3656,24,22,24
3657,105,101,111
3658,164,162,166
3659,250,220,238
3660,67,51,63
3661,284,253,291
3662,48,36,46
3663,312,268,313
3664,114,102,115
3665,176,154,167
3666,262,222,253
3667,381,314,361
3668,129,125,129
3669,103,100,104
3670,76,74,83
3671,47,38,45
3672,31,22,30
3673,55,44,51
3674,36,26,33
3675,21,22,23
3676,44,43,47
3677,27,26,27
3678,25,25,27
3679,84,73,81
3680,104,101,115
3681,226,225,238
3682,21,21,21
3683,38,39,38
3684,20,18,20
3685,159,167,167
3686,65,62,67
3687,130,121,135
3688,150,145,154
3689,168,169,168
3690,96,95,101
3691,132,134,139
3692,41,39,41
3693,48,46,51
3694,21,19,21
3695,57,59,64
3696,36,32,36
3697,213,217,206
3698,93,104,106
3699,79,72,81
3700,130,133,137
3701,380,372,396
3702,352,359,351
3703,503,455,507
3704,106,94,110
3705,897,843,849
3706,126,112,131
3707,1120,1104,1181
3708,256,264,270
3709,380,337,375
3710,886,792,911
3711,880,930,955
3712,284,290,290
3713,292,284,305
3714,264,279,280
3715,143,139,151
3716,211,197,199
3717,166,166,188
3718,135,106,128
3719,53,45,52
3720,115,101,120
3721,172,133,174
3722,47,39,44
3723,212,220,280
3724,150,132,155
3725,559,519,618
3726,330,255,346
3727,257,225,268
3728,150,115,157
3729,239,210,246
3730,99,88,115
3731,680,589,724
3732,404,335,420
3733,312,280,335
3734,114,100,113
3735,171,148,171
3736,135,118,148
3737,296,252,317
3738,84,70,91
3739,139,121,153
3740,292,224,296
3741,204,210,198
3742,173,175,166
3743,167,154,143
3744,171,162,146
3745,286,303,282
3746,392,394,389
3747,465,429,453
3748,169,158,161
3749,492,497,456
3750,138,134,129
3751,633,652,581
3752,277,283,285
3753,509,458,481
3754,670,591,614
3755,747,801,767
3756,273,288,272
3757,276,282,277
3758,195,197,191
3759,148,156,158
3760,159,158,145
3761,214,213,219
3762,129,128,122
3763,103,88,103
3764,129,107,139
3765,47,42,49
3766,55,50,56
3767,231,204,250
3768,181,154,185
3769,294,263,318
3770,65,59,66
3771,325,289,332
3772,96,88,99
3773,478,402,497
3774,144,120,145
3775,307,253,319
3776,281,238,295
3777,330,288,338
3778,162,140,163
3779,145,123,146
3780,168,132,171
3781,79,63,79
3782,109,81,99
3783,127,100,120
3784,57,53,59
3807,278,282,286
3808,183,207,205
3809,52,55,50
3810,87,93,93
3811,445,441,481
3812,394,430,432
3813,415,417,415
3814,67,65,65
3815,953,957,1034
3816,160,169,173
3817,911,899,973
3818,251,261,249
3819,371,378,381
3820,432,433,454
3821,788,834,851
3822,324,322,323
3823,290,316,317
3824,357,356,366
3825,100,115,110
3826,206,213,206
3827,150,154,150
3828,62,66,63
3829,260,244,251
3830,246,237,243
3831,178,163,162
3832,341,326,309
3833,422,410,451
3834,197,193,196
3835,486,468,510
3836,160,147,152
3837,785,740,747
3838,154,148,150
3839,480,418,455
3840,147,143,141
3841,466,399,435
3842,441,376,417
3843,355,341,346
3844,258,237,248
3845,286,286,297
3846,149,145,142
3847,194,184,187
3848,239,228,228
3849,215,204,209
3850,234,211,213
3851,187,201,199
3852,204,206,212
3853,149,138,146
3854,113,125,126
3855,383,380,412
3856,548,550,611
3857,619,564,699
3858,206,184,207
3859,588,567,628
3860,217,205,230
3861,682,652,755
3862,225,240,251
3863,478,426,553
3864,845,767,964
3865,426,434,475
3866,241,248,255
3867,382,377,434
3868,254,274,281
3869,162,155,173
3870,206,204,203
3871,308,304,337
3872,120,114,121
3873,24,20,27
3874,50,45,52
3875,74,70,72
3876,24,20,26
3877,73,67,75
3878,78,75,83
3879,171,169,178
3880,58,50,60
3881,59,48,59
3882,24,18,23
3883,82,78,83
3884,57,53,62
3885,115,107,117
3886,149,144,150
3887,52,43,52
3888,75,71,80
3889,181,179,189
3890,20,19,22
3891,48,45,53
3892,49,44,51
3893,112,116,129
3894,60,56,59
3895,116,111,122
3896,250,250,273
3897,274,256,282
3898,119,117,125
3899,672,682,750
3900,255,273,275
3901,493,471,512
3902,448,422,488
3903,476,451,467
3904,180,155,180
3905,462,444,459
3906,221,202,215
3907,824,716,868
3908,721,635,725
3909,340,364,359
3910,207,204,207
3911,298,316,322
3912,176,169,184
3913,164,151,165
3914,356,344,368
3915,391,390,423
3916,157,134,155
3917,276,274,267
3918,533,537,532
3919,533,536,499
3920,227,235,228
3921,809,960,900
3922,436,477,504
3923,690,771,733
3924,423,416,430
3925,903,1020,1030
3926,300,265,280
3927,938,1052,1050
3928,344,353,344
3929,824,921,904
3930,882,1020,997
3931,807,991,997
3932,435,440,447
3933,596,698,607
3934,387,389,387
3935,253,236,246
3936,720,709,716
3937,543,546,508
3938,271,252,263
3939,31,29,32
3940,419,360,478
3941,41,39,41
3942,77,63,77
3943,231,208,260
3944,95,85,101
3945,202,180,214
3946,85,76,86
3947,266,216,262
3948,24,24,24
3949,374,294,354
3950,59,54,59
3951,459,320,426
3952,394,284,368
3953,197,175,208
3954,166,160,181
3955,146,128,146
3956,81,69,82
3957,118,99,129
3958,190,169,209
3959,108,95,123
3960,24,23,23
3961,52,56,55
3962,86,84,100
3963,74,57,76
3964,73,71,75
3965,252,255,310
3966,132,128,139
3967,186,167,204
3968,92,79,94
3969,214,194,219
3970,72,64,82
3971,186,164,188
3972,79,72,86
3973,293,254,315
3974,246,205,258
3975,168,151,176
3976,59,56,62
3977,143,135,147
3978,97,93,116
3979,33,31,35
3980,216,200,233
3981,156,154,164
3982,31,27,31
3983,375,339,415
3984,75,68,92
3985,71,64,76
3986,67,60,69
3987,177,150,192
3988,238,224,265
3989,296,258,318
3990,130,114,133
3991,324,273,338
3992,106,99,117
3993,549,440,568
3994,181,164,206
3995,243,199,250
3996,590,474,597
3997,318,252,326
3998,212,185,226
3999,212,191,237
4000,112,90,126
4001,51,43,51
4002,78,66,84
4003,158,132,155
4004,27,23,28
4005,122,142,137
4006,78,83,85
4007,71,66,68
4008,78,88,87
4009,224,207,224
4010,137,149,139
4011,165,168,164
4012,49,47,46
4013,486,496,456
4014,111,114,113
4015,350,350,363
4016,80,81,82
4017,111,109,109
4018,114,115,118
4019,319,324,322
4020,201,200,198
4021,231,241,238
4022,103,103,101
4023,89,89,93
4024,91,90,92
4025,205,227,227
4026,70,70,72
4027,223,228,223
4028,218,253,228
4029,139,150,134
4030,206,215,210
4031,333,354,342
4032,180,187,167
4033,434,407,388
4034,165,179,158
4035,1687,1511,1604
4036,232,249,233
4037,688,667,671
4038,141,153,138
4039,323,336,303
4040,322,324,295
4041,665,674,661
4042,320,316,315
4043,257,283,271
4044,213,239,224
4045,438,488,471
4046,119,126,112
4047,219,255,235
4048,222,237,216
4049,347,338,354
4050,329,346,337
4051,271,282,285
4052,246,264,254
4053,666,725,728
4054,487,511,507
4055,1109,1243,1159
4056,370,379,375
4057,4259,4393,4267
4058,644,640,659
4059,1697,1833,1741
4060,386,396,391
4061,1039,1073,1019
4062,937,1006,958
4063,1300,1363,1362
4064,717,774,733
4065,509,566,584
4066,839,888,889
4067,1122,1173,1175
4068,266,276,273
4069,411,417,396
4070,574,593,607
4071,144,167,152
4072,223,242,232
4073,174,179,178
4074,231,262,251
4075,314,353,340
4076,127,145,128
4077,371,381,364
4078,147,155,140
4079,1043,1016,1026
4080,172,175,178
4081,421,441,416
4082,109,118,111
4083,326,325,316
4084,276,274,263
4085,394,417,397
4086,204,213,203
4087,179,196,182
4088,113,120,114
4089,363,380,349
4090,131,140,129
4091,202,222,220
4092,228,233,227
4093,150,154,158
4094,234,259,248
4095,159,163,163
4096,122,142,137
4097,384,392,409
4098,228,254,235
4099,500,485,488
4100,169,201,177
4101,2907,2796,2820
4102,297,307,295
4103,892,903,896
4104,228,264,255
4105,500,487,479
4106,578,565,579
4107,949,969,1007
4108,394,433,430
4109,376,408,426
4110,404,465,460
4111,370,440,440
4112,139,142,143
4113,194,234,230
4114,185,202,182
4115,218,228,216
4116,1844,1852,1937
4117,465,458,442
4118,134,144,145
4119,1155,1054,1058
4120,1225,1114,1182
4121,2226,2383,2430
4122,1309,1211,1269
4123,1611,1434,1447
4124,1484,1423,1469
4125,1845,1792,1765
4126,795,738,759
4127,2883,2735,2835
4128,2547,2735,2817
4129,1395,1226,1261
4130,1019,925,954
4131,1141,1101,1102
4132,478,433,449
4133,1059,963,968
4134,262,273,265
4135,1313,1230,1204
4136,548,530,511
4137,347,297,345
4138,376,350,376
4139,449,387,447
4140,117,108,129
4141,993,799,965
4142,961,842,953
4143,1647,1447,1705
4144,531,496,558
4145,4224,3149,3817
4146,522,477,527
4147,1566,1226,1454
4148,649,604,651
4149,1918,1584,1912
4150,2135,1975,2299
4151,1212,963,1102
4152,976,897,1016
4153,1058,973,1167
4154,327,295,326
4155,357,330,369
4156,506,433,507
4157,488,464,508
4158,371,339,379
4159,708,704,762
4160,247,299,288
4161,153,189,159
4162,753,686,754
4163,380,429,415
4164,309,380,351
4165,961,999,900
4166,238,319,262
4167,1050,1010,979
4168,127,156,135
4169,970,1001,977
4170,203,242,210
4171,712,795,699
4172,776,863,760
4173,895,925,927
4174,296,329,309
4175,237,274,250
4176,211,249,223
4177,316,379,354
4178,180,198,191
4179,263,328,304
4180,183,225,195
4181,210,234,217
4182,70,75,69
4183,46,51,44
4184,58,65,63
4185,204,201,222
4186,247,274,272
4187,312,271,305
4188,58,59,56
4189,362,311,348
4190,69,69,63
4191,779,647,741
4192,120,126,123
4193,193,172,183
4194,307,266,302
4195,503,441,520
4196,181,200,196
4197,171,192,187
4198,93,97,91
4199,55,59,56
4200,69,64,61
4201,100,119,114
4202,46,51,45
4203,678,614,656
4204,284,259,283
4205,258,248,263
4206,333,314,323
4207,717,655,678
4208,697,671,719
4209,1011,913,981
4210,327,312,354
4211,961,851,876
4212,277,239,275
4213,1075,987,1062
4214,664,604,671
4215,769,699,731
4216,913,845,887
4217,815,763,842
4218,730,692,741
4219,752,736,751
4220,348,320,356
4221,308,292,312
4222,344,322,360
4223,324,300,318
4224,191,185,195
4225,807,726,765
4226,383,380,379
4227,297,315,312
4228,131,141,138
4229,1351,1330,1329
4230,1853,1914,2012
4231,2533,2881,2895
4232,809,751,767
4233,1826,1692,1710
4234,780,743,721
4235,2791,2900,2924
4236,1356,1368,1424
4237,1985,2033,2046
4238,2533,2900,2924
4239,2093,2024,2083
4240,1344,1329,1364
4241,1322,1382,1394
4242,866,846,851
4243,435,452,462
4244,411,400,420
4245,687,699,714
4246,187,201,182
4247,187,182,182
4248,326,323,300
4249,281,269,263
4250,213,223,216
4251,868,899,880
4252,569,654,639
4253,1276,1291,1355
4254,543,647,556
4255,1297,1209,1252
4256,493,552,490
4257,1074,1043,1013
4258,542,606,544
4259,1132,1074,1080
4260,1520,1579,1647
4261,1436,1457,1519
4262,640,725,685
4263,751,850,820
4264,539,597,548
4265,307,328,309
4266,447,474,459
4267,822,905,806
4268,171,158,150
4269,89,107,98
4270,291,302,310
4271,254,253,254
4272,86,114,102
4273,662,653,642
4274,498,501,527
4275,967,942,944
4276,535,546,528
4277,1009,1026,976
4278,366,367,353
4279,649,637,638
4280,371,420,403
4281,1147,1133,1146
4282,1117,1101,1077
4283,638,655,667
4284,391,420,405
4285,538,574,574
4286,245,273,257
4287,353,407,394
4288,302,304,308
4289,498,540,528
4290,269,260,266
4291,152,127,153
4292,525,509,538
4293,404,355,374
4294,110,90,115
4295,825,736,876
4296,596,590,696
4297,1090,1011,1181
4298,523,494,545
4299,830,724,866
4300,411,387,398
4301,990,859,999
4302,544,477,545
4303,1125,1032,1203
4304,1090,1016,1180
4305,740,674,804
4306,624,553,652
4307,536,544,650
4308,382,342,376
4309,294,279,305
4310,361,322,358
4311,507,456,509
4312,370,345,371
4313,334,308,356
4314,1048,980,1127
4315,771,649,759
4316,273,250,304
4317,1533,1683,1902
4318,1461,1544,1838
4319,1976,2305,2629
4320,815,718,831
4321,2501,2238,2619
4322,848,738,845
4323,2206,2320,2638
4324,1016,896,1068
4325,1931,2034,2277
4326,2598,3061,3487
4327,1618,1690,1888
4328,1201,1134,1266
4329,1379,1561,1776
4330,720,639,699
4331,1023,939,1021
4332,834,745,847
4333,945,861,970
4334,597,539,582
4335,406,447,409
4336,315,334,301
4337,327,336,314
4338,441,485,442
4339,589,619,614
4340,733,750,769
4341,1063,1056,1036
4342,427,476,447
4343,591,552,567
4344,143,145,133
4345,1214,1162,1188
4346,300,312,296
4347,1127,1096,1100
4348,990,975,961
4349,669,742,740
4350,270,304,295
4351,399,417,412
4352,198,225,196
4353,157,179,155
4354,295,292,287
4355,377,408,376
4356,107,111,106
4357,72,66,70
4358,997,912,970
4359,641,606,616
4360,243,249,228
4361,1832,1704,2025
4362,398,383,403
4363,2130,2101,2477
4364,957,877,902
4365,1929,1606,1729
4366,335,303,305
4367,915,833,865
4368,344,325,324
4369,2353,2118,2502
4370,1691,1648,1845
4371,719,698,702
4372,398,412,418
4373,851,811,917
4374,387,376,383
4375,1108,1024,1042
4376,209,201,194
4377,671,657,683
4378,1078,935,1037
4379,1520,1552,1577
4380,1086,1100,1134
4381,564,531,558
4382,582,578,596
4383,1910,1955,1938
4384,1801,1810,1866
4385,2462,2676,2734
4386,1084,1056,1091
4387,1877,1714,1676
4388,513,505,530
4389,3655,3555,3666
4390,1249,1238,1237
4391,3660,3555,3666
4392,3236,3574,3666
4393,2003,1950,1911
4394,1237,1231,1223
4395,1712,1797,1803
4396,994,971,1015
4397,731,713,720
4398,919,898,905
4399,989,966,1003
4400,269,270,294
4401,297,311,275
4402,759,758,747
4403,814,776,748
4404,139,167,154
4405,1082,1089,1126
4406,1165,1133,1156
4407,3146,3218,3484
4408,1487,1474,1510
4409,701,665,687
4410,332,322,313
4411,1613,1575,1607
4412,402,419,408
4413,3457,3245,3475
4414,2084,2124,2162
4415,817,843,786
4416,329,347,324
4417,533,587,562
4418,368,361,354
4419,1003,977,917
4420,329,330,313
4421,787,767,741
4422,622,629,584
4423,320,322,321
4424,392,407,391
4425,423,439,415
4426,683,707,718
4427,785,805,837
4428,539,567,570
4429,1312,1279,1298
4430,396,411,403
4431,1015,1002,988
4432,280,286,282
4433,1102,1066,1064
4434,344,357,351
4435,1351,1278,1303
4436,1279,1254,1251
4437,831,918,916
4438,482,530,504
4439,468,515,484
4440,387,403,406
4441,602,655,643
4442,366,377,360
4443,444,468,454
4444,669,675,674
4445,198,185,187
4446,150,152,161
4447,92,80,90
4448,101,96,101
4449,243,222,219
4450,248,233,249
4451,487,356,408
4452,91,76,90
4453,398,305,324
4454,112,94,108
4455,521,441,451
4456,168,166,179
4457,276,232,243
4458,274,231,244
4459,475,428,431
4460,190,185,179
4461,230,210,225
4462,141,135,144
4463,119,113,119
4464,134,119,124
4465,120,112,126
4466,107,88,100
4467,398,413,405
4468,435,490,444
4469,438,454,440
4470,271,301,301
4471,1357,1375,1477
4472,1051,1033,1039
4473,1560,1647,1762
4474,432,486,468
4475,1304,1201,1270
4476,309,322,313
4477,2092,2027,2143
4478,499,520,495
4479,2095,2027,2144
4480,1893,2012,2143
4481,1484,1438,1480
4482,663,636,629
4483,690,656,700
4484,530,567,564
4485,667,675,644
4486,319,333,337
4487,583,603,581
4488,562,581,590
4489,517,559,530
4490,252,271,265
4491,218,233,228
4492,371,410,385
4493,557,562,577
4494,500,544,540
4495,1302,1238,1253
4496,218,240,218
4497,768,727,697
4498,202,205,195
4499,1560,1483,1468
4500,270,294,279
4501,1318,1200,1175
4502,1132,1093,1065
4503,1268,1265,1310
4504,295,333,311
4505,334,349,334
4506,270,292,281
4507,238,270,267
4508,140,151,140
4509,306,339,324
4510,213,218,213
4511,36,34,37
4512,42,38,47
4513,44,35,45
4514,40,38,41
4515,103,101,100
4516,160,185,182
4517,342,317,341
4518,114,104,115
4519,79,74,79
4520,54,53,61
4521,145,147,139
4522,51,51,58
4523,326,305,320
4524,230,216,224
4525,80,70,78
4526,87,94,85
4527,92,99,91
4528,42,37,45
4529,80,77,79
4530,51,48,56
4531,60,65,61
4532,54,52,59
4533,435,445,455
4534,194,219,222
4535,100,106,105
4536,441,448,451
4537,471,484,469
4538,240,284,273
4539,493,485,461
4540,120,119,118
4541,943,925,923
4542,135,144,140
4543,981,930,980
4544,179,195,193
4545,300,343,317
4546,286,326,299
4547,919,887,924
4548,268,296,296
4549,235,289,276
4550,254,296,279
4551,179,198,202
4552,191,207,207
4553,183,206,199
4554,68,73,73
4555,279,248,268
4556,146,129,142
4557,90,84,86
4558,230,223,240
4559,301,308,317
4560,192,168,179
4561,345,323,348
4562,93,85,90
4563,571,544,537
4564,116,116,118
4565,629,595,629
4566,143,121,128
4567,236,208,210
4568,245,217,219
4569,594,574,621
4570,209,203,207
4571,198,181,198
4572,217,201,221
4573,135,120,134
4574,144,126,138
4575,136,124,129
4576,68,68,67
4577,402,420,404
4578,193,234,213
4579,107,124,107
4580,464,490,487
4581,390,445,399
4582,200,232,212
4583,453,455,417
4584,131,136,123
4585,822,827,809
4586,125,139,128
4587,818,851,805
4588,156,174,151
4589,259,285,243
4590,254,281,245
4591,778,822,784
4592,300,339,332
4593,212,262,246
4594,207,245,221
4595,173,197,191
4596,175,197,187
4597,166,190,168
4598,82,89,85
4599,122,134,127
4600,48,55,51
4601,35,37,36
4602,103,122,113
4603,114,124,121
4604,112,114,112
4605,208,207,208
4606,35,37,36
4607,173,175,160
4608,38,41,38
4609,325,334,327
4610,48,56,48
4611,161,158,156
4612,106,103,107
4613,316,332,308
4614,70,76,72
4615,70,74,73
4616,48,54,48
4617,57,60,57
4618,46,49,43
4619,53,65,59
4620,29,30,29
4621,418,417,404
4622,164,186,181
4623,123,144,130
4624,348,355,338
4625,409,447,420
4626,266,322,297
4627,508,543,499
4628,126,143,129
4629,704,783,723
4630,120,135,126
4631,864,874,853
4632,200,232,203
4633,399,424,384
4634,356,395,356
4635,1002,932,984
4636,284,319,299
4637,266,320,307
4638,195,234,208
4639,304,342,321
4640,167,180,169
4641,223,262,249
4642,119,135,119
4643,253,271,248
4644,130,136,137
4645,100,109,101
4646,189,198,182
4647,265,286,280
4648,193,215,210
4649,393,392,376
4650,101,107,102
4651,550,564,567
4652,93,101,100
4653,646,655,696
4654,152,158,150
4655,279,286,279
4656,260,261,250
4657,674,659,713
4658,237,256,247
4659,213,237,240
4660,174,184,179
4661,130,136,138
4662,106,111,106
4663,115,134,126
4664,88,90,91
4665,323,366,328
4666,158,175,169
4667,127,121,119
4668,537,590,566
4669,386,404,403
4670,235,256,250
4671,557,530,544
4672,125,127,122
4673,981,915,900
4674,142,136,141
4675,849,877,851
4676,180,206,202
4677,407,374,382
4678,388,357,364
4679,856,845,861
4680,289,313,300
4681,286,295,311
4682,183,221,209
4683,264,302,293
4684,140,143,136
4685,185,218,211
4686,125,126,122
4687,438,466,420
4688,201,235,217
4689,78,89,76
4690,438,463,449
4691,438,475,441
4692,321,389,351
4693,477,489,453
4694,81,88,78
4695,1009,966,947
4696,142,161,151
4697,1008,963,969
4698,192,212,194
4699,374,397,377
4700,380,408,381
4701,1150,1036,1110
4702,249,287,268
4703,294,344,342
4704,226,273,243
4705,189,213,200
4706,187,203,198
4707,196,224,206
4708,73,85,72
4709,233,237,236
4710,435,432,421
4711,180,168,169
4712,137,130,130
4713,409,371,443
4714,673,644,652
4715,1511,1446,1656
4716,401,383,403
4717,2311,1955,2049
4718,1426,1397,1443
4719,1549,1348,1478
4720,376,359,369
4721,1240,1062,1199
4722,2155,2155,2318
4723,887,792,813
4724,372,388,386
4725,597,580,625
4726,314,282,299
4727,443,438,433
4728,172,165,162
4729,481,481,464
4730,375,341,360
4731,436,420,434
4732,171,168,175
4733,227,208,221
4734,83,80,85
4735,520,467,496
4736,279,261,283
4737,718,633,671
4738,191,177,201
4739,221,192,195
4740,94,76,94
4741,964,844,888
4742,228,222,228
4743,657,530,593
4744,620,495,568
4745,562,500,559
4746,179,179,178
4747,284,278,301
4748,172,170,180
4749,91,87,98
4750,106,95,98
4751,459,447,464
4752,86,76,84
4753,175,202,187
4754,90,98,95
4755,64,61,65
4756,67,78,74
4757,152,151,163
4758,115,125,124
4759,246,253,246
4760,66,62,67
4761,142,135,128
4762,49,54,50
4763,345,334,327
4764,66,68,72
4765,191,179,191
4766,205,195,199
4767,291,274,269
4768,72,83,81
4769,113,124,118
4770,70,69,73
4771,51,57,54
4772,72,72,72
4773,88,104,96
4774,40,44,41
4775,198,188,206
4776,97,115,106
4777,88,102,95
4778,350,336,356
4779,344,390,379
4780,194,212,212
4781,574,593,576
4782,168,175,176
4783,1217,1219,1260
4784,232,262,262
4785,672,708,676
4786,214,237,226
4787,477,487,484
4788,310,335,314
4789,595,624,618
4790,371,393,395
4791,305,333,348
4792,354,383,365
4793,217,247,235
4794,264,286,281
4795,179,197,193
4796,97,96,93
4797,175,173,174
4798,247,260,257
4799,329,313,327
4800,382,392,382
4801,501,545,522
4802,231,224,225
4803,663,704,674
4804,264,271,265
4805,1360,1269,1332
4806,241,246,252
4807,556,572,560
4808,222,220,233
4809,782,797,739
4810,606,608,602
4811,517,572,571
4812,683,720,716
4813,381,439,417
4814,250,266,266
4815,513,557,541
4816,338,316,334
4817,336,349,354
4818,299,290,293
4819,68,70,72
4820,83,83,93
4821,79,75,79
4822,69,65,69
4823,201,205,217
4824,131,138,141
4825,257,235,256
4826,86,75,81
4827,602,571,650
4828,95,94,103
4829,371,327,388
4830,136,136,145
4831,234,205,234
4832,294,270,298
4833,353,316,366
4834,115,124,120
4835,180,191,179
4836,125,123,132
4837,120,111,124
4838,83,77,79
4839,85,85,84
4840,66,61,63
4841,281,270,298
4842,315,332,317
4843,414,417,424
4844,261,278,297
4845,1016,1034,1052
4846,585,600,607
4847,2052,2400,2454
4848,1012,1017,1037
4849,4369,4007,4094
4850,1343,1518,1481
4851,2286,2415,2414
4852,981,1007,1009
4853,2329,2435,2466
4854,1677,1975,1995
4855,1418,1399,1402
4856,1018,1113,1081
4857,1174,1312,1323
4858,972,990,1036
4859,1323,1446,1433
4860,464,439,477
4861,394,421,399
4862,788,766,810
4863,251,223,257
4864,324,296,314
4865,322,268,295
4866,356,341,375
4867,404,384,443
4868,373,378,438
4869,917,907,1024
4870,392,365,389
4871,2003,1760,2022
4872,300,251,273
4873,830,809,903
4874,351,310,330
4875,846,802,887
4876,917,899,1010
4877,737,719,818
4878,901,765,932
4879,450,454,544
4880,414,394,420
4881,622,604,632
4882,214,189,194
4883,363,337,332
4884,421,386,425
4885,178,184,190
4886,215,240,221
4887,189,202,196
4888,171,186,180
4889,339,361,340
4890,307,319,310
4891,596,579,580
4892,232,258,248
4893,1495,1504,1441
4894,211,217,205
4895,769,789,762
4896,247,272,265
4897,545,499,507
4898,688,653,648
4899,710,741,732
4900,525,563,541
4901,296,322,309
4902,282,310,303
4903,289,327,323
4904,149,155,148
4905,208,250,230
4906,222,231,223
4907,112,126,131
4908,20,22,22
4909,26,24,27
4910,122,134,139
4911,41,42,45
4912,51,47,51
4913,237,256,254
4914,61,57,65
4915,545,548,521
4916,20,20,21
4917,259,276,275
4918,30,30,32
4919,194,190,204
4920,127,122,127
4921,371,348,345
4922,44,41,45
4923,31,32,32
4924,44,40,46
4925,75,76,80
4926,20,20,22
4927,22,26,25
4928,30,27,32
4929,171,181,175
4930,180,192,188
4931,134,132,139
4932,142,158,151
4933,315,327,322
4934,221,213,214
4935,567,535,561
4936,170,158,168
4937,2242,2251,2214
4938,186,171,187
4939,575,593,572
4940,183,193,205
4941,528,472,520
4942,394,345,364
4943,613,676,669
4944,347,358,379
4945,298,287,323
4946,279,300,320
4947,256,283,278
4948,137,145,134
4949,149,169,159
4950,149,140,145
4951,259,256,253
4952,129,141,131
4953,159,148,160
4954,265,258,247
4955,333,328,332
4956,278,259,273
4957,706,677,764
4958,263,236,264
4959,1654,1502,1560
4960,132,126,129
4961,752,773,800
4962,163,168,172
4963,654,589,644
4964,567,503,551
4965,919,867,979
4966,355,345,361
4967,347,314,362
4968,263,265,277
4969,527,578,615
4970,134,139,127
4971,191,202,213
4972,306,277,309
4973,131,158,145
4974,59,58,57
4975,51,48,46
4976,145,171,154
4977,149,154,146
4978,86,96,90
4979,183,167,165
4980,45,44,42
4981,230,224,216
4982,28,31,26
4983,185,165,165
4984,54,54,52
4985,102,105,105
4986,99,101,101
4987,105,105,100
4988,83,97,89
4989,89,101,91
4990,69,75,67
4991,61,64,64
4992,72,72,69
4993,67,88,73
4994,48,49,45
4995,75,82,80
4996,53,56,64
4997,54,46,53
4998,26,26,27
4999,127,123,138
5000,195,210,221
5001,315,283,316
5002,65,58,62
5003,293,270,315
5004,55,45,54
5005,442,385,465
5006,137,140,148
5007,214,192,225
5008,326,288,339
5009,474,405,472
5010,129,145,145
5011,119,127,125
5012,82,86,96
5013,46,41,46
5014,38,29,37
5015,64,68,67
5016,39,29,36
5017,54,52,62
5018,52,51,53
5019,51,45,50
5020,51,48,54
5021,122,125,125
5022,128,135,137
5023,243,256,254
5024,52,46,54
5025,207,212,215
5026,48,41,47
5027,268,276,279
5028,80,79,87
5029,266,270,271
5030,282,284,296
5031,309,314,326
5032,111,120,117
5033,136,149,146
5034,81,80,82
5035,68,68,72
5036,51,46,52
5037,90,98,107
5038,59,49,56
5039,205,219,201
5040,94,96,94
5041,72,68,73
5042,103,105,106
5043,484,452,497
5044,336,334,351
5045,578,531,582
5046,108,92,105
5047,946,841,875
5048,122,103,119
5049,1253,1182,1204
5050,209,218,215
5051,425,368,407
5052,1164,963,1133
5053,1075,1018,1093
5054,230,244,239
5055,269,270,293
5056,211,214,219
5057,116,113,120
5058,164,154,154
5059,157,151,165
5060,73,69,78
5061,56,56,61
5062,99,106,109
5063,221,190,210
5064,47,46,46
5065,325,327,373
5066,160,173,188
5067,905,885,942
5068,518,443,509
5069,341,332,363
5070,149,138,158
5071,337,300,324
5072,97,102,112
5073,1189,1138,1165
5074,657,587,634
5075,330,334,355
5076,123,138,140
5077,173,175,182
5078,156,163,178
5079,371,403,396
5080,67,70,73
5081,187,199,206
5082,259,213,242
5083,217,234,215
5084,166,183,169
5085,142,141,137
5086,178,178,167
5087,356,383,377
5088,439,473,461
5089,564,564,546
5090,163,159,162
5091,547,605,546
5092,133,124,121
5093,827,866,793
5094,292,320,324
5095,573,543,546
5096,936,864,895
5097,1066,1250,1120
5098,296,330,331
5099,249,272,281
5100,197,210,204
5101,124,136,128
5102,178,185,173
5103,201,214,214
5104,109,104,105
5105,107,99,108
5106,107,91,119
5107,51,46,53
5108,63,56,66
5109,227,198,256
5110,175,169,196
5111,393,338,412
5112,77,58,72
5113,352,297,366
5114,88,75,88
5115,545,419,543
5116,129,108,126
5117,420,330,427
5118,374,297,382
5119,371,313,380
5120,147,138,152
5121,149,128,145
5122,144,112,142
5123,78,57,76
5124,95,72,91
5125,120,106,118
5126,52,46,54
5149,300,318,293
5150,146,162,162
5151,50,51,48
5152,110,116,105
5153,444,460,478
5154,382,433,441
5155,469,452,461
5156,65,64,63
5157,1019,990,1006
5158,139,150,150
5159,918,894,905
5160,232,243,223
5161,384,370,389
5162,476,473,502
5163,722,727,738
5164,289,280,285
5165,260,282,282
5166,319,335,330
5167,97,106,100
5168,232,236,224
5169,150,155,146
5170,64,66,65
5171,215,212,217
5172,201,206,202
5173,149,140,142
5174,295,263,275
5175,364,349,410
5176,189,185,195
5177,463,418,480
5178,145,138,141
5179,701,666,672
5180,136,135,134
5181,438,386,443
5182,142,141,143
5183,446,360,415
5184,411,322,368
5185,411,341,375
5186,214,210,218
5187,231,240,254
5188,151,155,151
5189,191,193,187
5190,260,234,251
5191,170,172,173
5192,180,173,178
5193,154,179,153
5194,177,200,177
5195,137,143,141
5196,115,128,117
5197,434,437,430
5198,620,625,644
5199,740,681,715
5200,191,196,195
5201,622,644,617
5202,209,202,199
5203,842,828,843
5204,209,229,214
5205,545,487,550
5206,1034,939,1014
5207,420,433,434
5208,210,234,212
5209,432,435,448
5210,214,233,213
5211,137,150,151
5212,212,220,201
5213,357,371,365
5214,105,101,99
5215,32,31,37
5216,45,43,48
5217,59,57,56
5218,30,29,34
5219,74,83,78
5220,79,84,86
5221,210,205,215
5222,51,47,52
5223,47,42,48
5224,18,17,18
5225,75,76,76
5226,56,56,56
5227,120,125,125
5228,188,184,191
5229,67,67,71
5230,77,83,84
5231,179,205,197
5232,23,21,24
5233,47,47,49
5234,49,50,52
5235,121,137,140
5236,50,49,51
5237,107,106,105
5238,235,251,254
5239,249,245,269
5240,105,108,101
5241,764,705,794
5242,263,288,296
5243,626,577,620
5244,489,441,530
5245,483,469,497
5246,162,145,159
5247,540,524,536
5248,210,219,219
5249,1067,926,1039
5250,881,743,884
5251,349,371,392
5252,212,227,223
5253,352,367,404
5254,154,155,156
5255,136,130,141
5256,430,421,456
5257,414,423,452
5258,118,104,107
5259,298,304,297
5260,502,523,489
5261,501,498,447
5262,183,194,187
5263,994,1024,937
5264,501,529,519
5265,799,790,727
5266,415,449,441
5267,910,889,861
5268,252,240,251
5269,1190,1156,1051
5270,308,328,298
5271,1190,1123,1022
5272,1221,1232,1092
5273,1017,1014,956
5274,391,432,411
5275,675,732,655
5276,309,315,308
5277,212,205,205
5278,785,740,732
5279,543,535,499
5280,207,189,189
5281,35,33,37
5282,370,316,387
5283,40,37,38
5284,137,125,137
5285,306,250,325
5286,86,75,90
5287,300,243,310
5288,75,63,73
5289,497,369,471
5290,25,25,26
5291,427,302,391
5292,55,49,53
5293,500,339,462
5294,481,328,445
5295,272,226,281
5296,167,167,184
5297,140,123,139
5298,81,67,82
5299,125,102,118
5300,324,256,321
5301,121,108,123
5302,45,43,43
5303,68,67,71
5304,80,75,86
5305,76,68,80
5306,63,63,63
5307,252,256,288
5308,136,147,147
5309,262,224,262
5310,93,75,89
5311,211,189,212
5312,79,72,86
5313,360,322,358
5314,79,72,86
5315,375,317,373
5316,334,277,332
5317,181,159,170
5318,64,62,71
5319,131,133,130
5320,70,58,74
5321,41,35,43
5322,581,477,596
5323,184,203,202
5324,27,22,25
5325,718,735,820
5326,66,59,85
5327,62,57,71
5328,47,39,48
5329,378,316,418
5330,215,203,255
5331,313,271,339
5332,100,84,102
5333,347,277,363
5334,83,76,94
5335,562,439,573
5336,154,139,173
5337,281,221,291
5338,575,478,609
5339,319,260,333
5340,185,164,198
5341,206,189,237
5342,94,75,100
5343,61,52,62
5344,66,57,76
5345,126,107,124
5346,31,25,32
5347,97,110,100
5348,75,76,77
5349,66,61,62
5350,66,71,70
5351,196,171,178
5352,145,147,135
5353,153,148,139
5354,42,41,40
5355,411,414,396
5356,118,113,115
5357,326,303,317
5358,76,77,77
5359,114,108,108
5360,137,128,122
5361,278,272,261
5362,174,174,161
5363,190,199,191
5364,83,81,78
5365,77,74,75
5366,86,79,80
5367,163,186,176
5368,59,54,53
